,Product
0,Hypotheek
1,Bankrekening
2,Creditcard
3,Hypotheek
4,Incasso
5,Kredietregistratie
6,Kredietregistratie
7,Kredietregistratie
8,Kredietregistratie
9,Consumentenkrediet
10,Creditcard
11,Creditcard
12,Hypotheek
13,Consumentenkrediet
14,Incasso
15,Consumentenkrediet
16,Kredietregistratie
17,Kredietregistratie
18,Kredietregistratie
19,Incasso
20,Hypotheek
21,Bankrekening
22,Consumentenkrediet
23,Bankrekening
24,Creditcard
25,Kredietregistratie
26,Kredietregistratie
27,Incasso
28,Creditcard
29,Hypotheek
30,Kredietregistratie
31,Bankrekening
32,Hypotheek
33,Hypotheek
34,Creditcard
35,Incasso
36,Bankrekening
37,Hypotheek
38,Bankrekening
39,Hypotheek
40,Incasso
41,Incasso
42,Hypotheek
43,Kredietregistratie
44,Kredietregistratie
45,Creditcard
46,Kredietregistratie
47,Incasso
48,Creditcard
49,Incasso
50,Bankrekening
51,Incasso
52,Kredietregistratie
53,Hypotheek
54,Incasso
55,Bankrekening
56,Kredietregistratie
57,Kredietregistratie
58,Kredietregistratie
59,Creditcard
60,Hypotheek
61,Hypotheek
62,Creditcard
63,Incasso
64,Consumentenkrediet
65,Incasso
66,Kredietregistratie
67,Bankrekening
68,Incasso
69,Bankrekening
70,Incasso
71,Creditcard
72,Hypotheek
73,Incasso
74,Hypotheek
75,Hypotheek
76,Kredietregistratie
77,Creditcard
78,Hypotheek
79,Incasso
80,Hypotheek
81,Hypotheek
82,Incasso
83,Creditcard
84,Incasso
85,Hypotheek
86,Consumentenkrediet
87,Kredietregistratie
88,Creditcard
89,Bankrekening
90,Incasso
91,Creditcard
92,Kredietregistratie
93,Incasso
94,Bankrekening
95,Kredietregistratie
96,Bankrekening
97,Incasso
98,Creditcard
99,Incasso
100,Hypotheek
101,Kredietregistratie
102,Kredietregistratie
103,Hypotheek
104,Hypotheek
105,Kredietregistratie
106,Creditcard
107,Incasso
108,Kredietregistratie
109,Creditcard
110,Incasso
111,Kredietregistratie
112,Hypotheek
113,Kredietregistratie
114,Incasso
115,Kredietregistratie
116,Kredietregistratie
117,Kredietregistratie
118,Kredietregistratie
119,Kredietregistratie
120,Consumentenkrediet
121,Incasso
122,Hypotheek
123,Incasso
124,Kredietregistratie
125,Kredietregistratie
126,Kredietregistratie
127,Kredietregistratie
128,Hypotheek
129,Hypotheek
130,Incasso
131,Incasso
132,Kredietregistratie
133,Hypotheek
134,Incasso
135,Consumentenkrediet
136,Incasso
137,Incasso
138,Creditcard
139,Bankrekening
140,Hypotheek
141,Bankrekening
142,Incasso
143,Incasso
144,Incasso
145,Incasso
146,Creditcard
147,Bankrekening
148,Bankrekening
149,Hypotheek
150,Hypotheek
151,Incasso
152,Creditcard
153,Creditcard
154,Creditcard
155,Hypotheek
156,Incasso
157,Hypotheek
158,Incasso
159,Consumentenkrediet
160,Bankrekening
161,Hypotheek
162,Hypotheek
163,Incasso
164,Incasso
165,Incasso
166,Incasso
167,Incasso
168,Kredietregistratie
169,Incasso
170,Kredietregistratie
171,Creditcard
172,Kredietregistratie
173,Creditcard
174,Hypotheek
175,Creditcard
176,Incasso
177,Kredietregistratie
178,Kredietregistratie
179,Bankrekening
180,Hypotheek
181,Incasso
182,Kredietregistratie
183,Hypotheek
184,Kredietregistratie
185,Incasso
186,Hypotheek
187,Incasso
188,Hypotheek
189,Hypotheek
190,Incasso
191,Kredietregistratie
192,Kredietregistratie
193,Hypotheek
194,Consumentenkrediet
195,Kredietregistratie
196,Bankrekening
197,Bankrekening
198,Hypotheek
199,Creditcard
200,Creditcard
201,Kredietregistratie
202,Bankrekening
203,Bankrekening
204,Creditcard
205,Incasso
206,Kredietregistratie
207,Creditcard
208,Creditcard
209,Hypotheek
210,Hypotheek
211,Bankrekening
212,Bankrekening
213,Creditcard
214,Incasso
215,Incasso
216,Creditcard
217,Kredietregistratie
218,Bankrekening
219,Incasso
220,Creditcard
221,Consumentenkrediet
222,Hypotheek
223,Hypotheek
224,Hypotheek
225,Incasso
226,Hypotheek
227,Consumentenkrediet
228,Creditcard
229,Incasso
230,Incasso
231,Hypotheek
232,Hypotheek
233,Creditcard
234,Hypotheek
235,Kredietregistratie
236,Kredietregistratie
237,Creditcard
238,Creditcard
239,Kredietregistratie
240,Incasso
241,Bankrekening
242,Incasso
243,Creditcard
244,Kredietregistratie
245,Hypotheek
246,Hypotheek
247,Incasso
248,Kredietregistratie
249,Kredietregistratie
250,Creditcard
251,Incasso
252,Bankrekening
253,Kredietregistratie
254,Consumentenkrediet
255,Incasso
256,Creditcard
257,Bankrekening
258,Hypotheek
259,Kredietregistratie
260,Creditcard
261,Kredietregistratie
262,Bankrekening
263,Kredietregistratie
264,Kredietregistratie
265,Consumentenkrediet
266,Incasso
267,Creditcard
268,Kredietregistratie
269,Bankrekening
270,Kredietregistratie
271,Hypotheek
272,Kredietregistratie
273,Consumentenkrediet
274,Hypotheek
275,Consumentenkrediet
276,Incasso
277,Creditcard
278,Incasso
279,Kredietregistratie
280,Kredietregistratie
281,Hypotheek
282,Hypotheek
283,Hypotheek
284,Hypotheek
285,Kredietregistratie
286,Consumentenkrediet
287,Kredietregistratie
288,Kredietregistratie
289,Bankrekening
290,Hypotheek
291,Kredietregistratie
292,Kredietregistratie
293,Kredietregistratie
294,Hypotheek
295,Incasso
296,Kredietregistratie
297,Kredietregistratie
298,Creditcard
299,Bankrekening
300,Hypotheek
301,Incasso
302,Bankrekening
303,Bankrekening
304,Incasso
305,Kredietregistratie
306,Incasso
307,Kredietregistratie
308,Incasso
309,Consumentenkrediet
310,Bankrekening
311,Kredietregistratie
312,Kredietregistratie
313,Creditcard
314,Hypotheek
315,Creditcard
316,Hypotheek
317,Hypotheek
318,Incasso
319,Bankrekening
320,Kredietregistratie
321,Kredietregistratie
322,Bankrekening
323,Creditcard
324,Incasso
325,Kredietregistratie
326,Incasso
327,Bankrekening
328,Creditcard
329,Hypotheek
330,Hypotheek
331,Incasso
332,Bankrekening
333,Incasso
334,Bankrekening
335,Hypotheek
336,Kredietregistratie
337,Kredietregistratie
338,Creditcard
339,Incasso
340,Creditcard
341,Bankrekening
342,Creditcard
343,Creditcard
344,Incasso
345,Consumentenkrediet
346,Creditcard
347,Creditcard
348,Kredietregistratie
349,Kredietregistratie
350,Incasso
351,Hypotheek
352,Creditcard
353,Kredietregistratie
354,Creditcard
355,Hypotheek
356,Incasso
357,Hypotheek
358,Incasso
359,Kredietregistratie
360,Kredietregistratie
361,Bankrekening
362,Kredietregistratie
363,Creditcard
364,Creditcard
365,Kredietregistratie
366,Creditcard
367,Hypotheek
368,Hypotheek
369,Consumentenkrediet
370,Hypotheek
371,Incasso
372,Incasso
373,Kredietregistratie
374,Incasso
375,Incasso
376,Consumentenkrediet
377,Hypotheek
378,Creditcard
379,Kredietregistratie
380,Creditcard
381,Creditcard
382,Incasso
383,Creditcard
384,Creditcard
385,Hypotheek
386,Hypotheek
387,Incasso
388,Hypotheek
389,Hypotheek
390,Consumentenkrediet
391,Hypotheek
392,Creditcard
393,Bankrekening
394,Incasso
395,Creditcard
396,Kredietregistratie
397,Incasso
398,Incasso
399,Hypotheek
400,Incasso
401,Hypotheek
402,Hypotheek
403,Incasso
404,Creditcard
405,Kredietregistratie
406,Creditcard
407,Hypotheek
408,Creditcard
409,Bankrekening
410,Incasso
411,Incasso
412,Hypotheek
413,Hypotheek
414,Hypotheek
415,Creditcard
416,Kredietregistratie
417,Consumentenkrediet
418,Incasso
419,Hypotheek
420,Incasso
421,Bankrekening
422,Incasso
423,Creditcard
424,Incasso
425,Consumentenkrediet
426,Kredietregistratie
427,Incasso
428,Consumentenkrediet
429,Incasso
430,Creditcard
431,Creditcard
432,Creditcard
433,Consumentenkrediet
434,Hypotheek
435,Hypotheek
436,Bankrekening
437,Consumentenkrediet
438,Kredietregistratie
439,Kredietregistratie
440,Creditcard
441,Kredietregistratie
442,Incasso
443,Hypotheek
444,Hypotheek
445,Bankrekening
446,Consumentenkrediet
447,Incasso
448,Incasso
449,Hypotheek
450,Kredietregistratie
451,Incasso
452,Incasso
453,Hypotheek
454,Hypotheek
455,Creditcard
456,Creditcard
457,Incasso
458,Consumentenkrediet
459,Bankrekening
460,Incasso
461,Incasso
462,Kredietregistratie
463,Incasso
464,Kredietregistratie
465,Hypotheek
466,Incasso
467,Consumentenkrediet
468,Hypotheek
469,Hypotheek
470,Incasso
471,Incasso
472,Kredietregistratie
473,Incasso
474,Kredietregistratie
475,Hypotheek
476,Kredietregistratie
477,Kredietregistratie
478,Hypotheek
479,Consumentenkrediet
480,Consumentenkrediet
481,Kredietregistratie
482,Hypotheek
483,Incasso
484,Hypotheek
485,Creditcard
486,Incasso
487,Hypotheek
488,Incasso
489,Hypotheek
490,Incasso
491,Hypotheek
492,Incasso
493,Kredietregistratie
494,Hypotheek
495,Creditcard
496,Bankrekening
497,Creditcard
498,Consumentenkrediet
499,Hypotheek
500,Hypotheek
501,Bankrekening
502,Creditcard
503,Incasso
504,Incasso
505,Kredietregistratie
506,Creditcard
507,Kredietregistratie
508,Incasso
509,Incasso
510,Incasso
511,Kredietregistratie
512,Incasso
513,Hypotheek
514,Incasso
515,Incasso
516,Incasso
517,Creditcard
518,Bankrekening
519,Incasso
520,Kredietregistratie
521,Hypotheek
522,Kredietregistratie
523,Incasso
524,Incasso
525,Kredietregistratie
526,Incasso
527,Hypotheek
528,Kredietregistratie
529,Kredietregistratie
530,Bankrekening
531,Incasso
532,Kredietregistratie
533,Creditcard
534,Kredietregistratie
535,Kredietregistratie
536,Hypotheek
537,Bankrekening
538,Incasso
539,Kredietregistratie
540,Kredietregistratie
541,Hypotheek
542,Consumentenkrediet
543,Creditcard
544,Hypotheek
545,Kredietregistratie
546,Creditcard
547,Hypotheek
548,Bankrekening
549,Hypotheek
550,Kredietregistratie
551,Incasso
552,Incasso
553,Hypotheek
554,Creditcard
555,Incasso
556,Kredietregistratie
557,Hypotheek
558,Creditcard
559,Incasso
560,Incasso
561,Consumentenkrediet
562,Bankrekening
563,Incasso
564,Hypotheek
565,Kredietregistratie
566,Creditcard
567,Incasso
568,Hypotheek
569,Bankrekening
570,Kredietregistratie
571,Kredietregistratie
572,Hypotheek
573,Hypotheek
574,Incasso
575,Kredietregistratie
576,Kredietregistratie
577,Incasso
578,Incasso
579,Kredietregistratie
580,Creditcard
581,Kredietregistratie
582,Creditcard
583,Bankrekening
584,Kredietregistratie
585,Consumentenkrediet
586,Kredietregistratie
587,Hypotheek
588,Bankrekening
589,Hypotheek
590,Hypotheek
591,Incasso
592,Bankrekening
593,Hypotheek
594,Kredietregistratie
595,Bankrekening
596,Incasso
597,Hypotheek
598,Incasso
599,Hypotheek
600,Incasso
601,Kredietregistratie
602,Kredietregistratie
603,Hypotheek
604,Creditcard
605,Hypotheek
606,Bankrekening
607,Hypotheek
608,Kredietregistratie
609,Incasso
610,Kredietregistratie
611,Bankrekening
612,Hypotheek
613,Hypotheek
614,Bankrekening
615,Incasso
616,Hypotheek
617,Creditcard
618,Bankrekening
619,Hypotheek
620,Incasso
621,Incasso
622,Incasso
623,Incasso
624,Incasso
625,Kredietregistratie
626,Incasso
627,Hypotheek
628,Hypotheek
629,Incasso
630,Incasso
631,Incasso
632,Incasso
633,Hypotheek
634,Creditcard
635,Incasso
636,Consumentenkrediet
637,Creditcard
638,Bankrekening
639,Incasso
640,Incasso
641,Kredietregistratie
642,Hypotheek
643,Hypotheek
644,Incasso
645,Creditcard
646,Incasso
647,Kredietregistratie
648,Creditcard
649,Hypotheek
650,Kredietregistratie
651,Bankrekening
652,Hypotheek
653,Consumentenkrediet
654,Kredietregistratie
655,Kredietregistratie
656,Kredietregistratie
657,Kredietregistratie
658,Bankrekening
659,Creditcard
660,Consumentenkrediet
661,Incasso
662,Incasso
663,Hypotheek
664,Incasso
665,Incasso
666,Kredietregistratie
667,Bankrekening
668,Incasso
669,Hypotheek
670,Incasso
671,Consumentenkrediet
672,Creditcard
673,Incasso
674,Incasso
675,Incasso
676,Hypotheek
677,Incasso
678,Incasso
679,Incasso
680,Creditcard
681,Consumentenkrediet
682,Kredietregistratie
683,Bankrekening
684,Bankrekening
685,Hypotheek
686,Incasso
687,Kredietregistratie
688,Hypotheek
689,Hypotheek
690,Kredietregistratie
691,Kredietregistratie
692,Bankrekening
693,Bankrekening
694,Creditcard
695,Kredietregistratie
696,Incasso
697,Kredietregistratie
698,Creditcard
699,Incasso
700,Creditcard
701,Incasso
702,Incasso
703,Hypotheek
704,Incasso
705,Hypotheek
706,Kredietregistratie
707,Incasso
708,Consumentenkrediet
709,Incasso
710,Kredietregistratie
711,Kredietregistratie
712,Bankrekening
713,Kredietregistratie
714,Consumentenkrediet
715,Creditcard
716,Incasso
717,Creditcard
718,Bankrekening
719,Hypotheek
720,Bankrekening
721,Hypotheek
722,Incasso
723,Kredietregistratie
724,Creditcard
725,Incasso
726,Consumentenkrediet
727,Kredietregistratie
728,Creditcard
729,Hypotheek
730,Hypotheek
731,Incasso
732,Kredietregistratie
733,Incasso
734,Kredietregistratie
735,Incasso
736,Bankrekening
737,Incasso
738,Creditcard
739,Kredietregistratie
740,Kredietregistratie
741,Creditcard
742,Incasso
743,Incasso
744,Incasso
745,Kredietregistratie
746,Kredietregistratie
747,Hypotheek
748,Incasso
749,Creditcard
750,Incasso
751,Creditcard
752,Incasso
753,Incasso
754,Hypotheek
755,Kredietregistratie
756,Bankrekening
757,Incasso
758,Kredietregistratie
759,Kredietregistratie
760,Hypotheek
761,Kredietregistratie
762,Kredietregistratie
763,Kredietregistratie
764,Incasso
765,Hypotheek
766,Incasso
767,Kredietregistratie
768,Hypotheek
769,Kredietregistratie
770,Kredietregistratie
771,Incasso
772,Bankrekening
773,Creditcard
774,Incasso
775,Consumentenkrediet
776,Consumentenkrediet
777,Hypotheek
778,Kredietregistratie
779,Bankrekening
780,Kredietregistratie
781,Creditcard
782,Consumentenkrediet
783,Kredietregistratie
784,Kredietregistratie
785,Bankrekening
786,Incasso
787,Bankrekening
788,Hypotheek
789,Incasso
790,Kredietregistratie
791,Hypotheek
792,Bankrekening
793,Hypotheek
794,Kredietregistratie
795,Creditcard
796,Incasso
797,Creditcard
798,Hypotheek
799,Hypotheek
800,Hypotheek
801,Kredietregistratie
802,Creditcard
803,Kredietregistratie
804,Creditcard
805,Kredietregistratie
806,Incasso
807,Bankrekening
808,Incasso
809,Incasso
810,Kredietregistratie
811,Incasso
812,Incasso
813,Hypotheek
814,Hypotheek
815,Incasso
816,Hypotheek
817,Hypotheek
818,Kredietregistratie
819,Bankrekening
820,Hypotheek
821,Creditcard
822,Incasso
823,Hypotheek
824,Consumentenkrediet
825,Hypotheek
826,Creditcard
827,Hypotheek
828,Creditcard
829,Incasso
830,Hypotheek
831,Bankrekening
832,Incasso
833,Kredietregistratie
834,Incasso
835,Incasso
836,Incasso
837,Incasso
838,Creditcard
839,Hypotheek
840,Kredietregistratie
841,Hypotheek
842,Incasso
843,Creditcard
844,Kredietregistratie
845,Hypotheek
846,Consumentenkrediet
847,Incasso
848,Incasso
849,Hypotheek
850,Hypotheek
851,Hypotheek
852,Incasso
853,Kredietregistratie
854,Incasso
855,Hypotheek
856,Hypotheek
857,Kredietregistratie
858,Hypotheek
859,Incasso
860,Kredietregistratie
861,Creditcard
862,Hypotheek
863,Hypotheek
864,Incasso
865,Hypotheek
866,Hypotheek
867,Hypotheek
868,Consumentenkrediet
869,Incasso
870,Kredietregistratie
871,Hypotheek
872,Hypotheek
873,Incasso
874,Kredietregistratie
875,Incasso
876,Hypotheek
877,Hypotheek
878,Incasso
879,Bankrekening
880,Hypotheek
881,Hypotheek
882,Kredietregistratie
883,Kredietregistratie
884,Hypotheek
885,Incasso
886,Bankrekening
887,Bankrekening
888,Creditcard
889,Incasso
890,Incasso
891,Incasso
892,Consumentenkrediet
893,Incasso
894,Kredietregistratie
895,Hypotheek
896,Kredietregistratie
897,Hypotheek
898,Incasso
899,Kredietregistratie
900,Kredietregistratie
901,Creditcard
902,Creditcard
903,Kredietregistratie
904,Hypotheek
905,Incasso
906,Consumentenkrediet
907,Incasso
908,Incasso
909,Consumentenkrediet
910,Creditcard
911,Kredietregistratie
912,Kredietregistratie
913,Kredietregistratie
914,Incasso
915,Kredietregistratie
916,Incasso
917,Kredietregistratie
918,Hypotheek
919,Kredietregistratie
920,Hypotheek
921,Kredietregistratie
922,Bankrekening
923,Hypotheek
924,Kredietregistratie
925,Incasso
926,Consumentenkrediet
927,Hypotheek
928,Hypotheek
929,Kredietregistratie
930,Hypotheek
931,Incasso
932,Kredietregistratie
933,Incasso
934,Incasso
935,Kredietregistratie
936,Hypotheek
937,Creditcard
938,Incasso
939,Bankrekening
940,Hypotheek
941,Consumentenkrediet
942,Hypotheek
943,Hypotheek
944,Incasso
945,Bankrekening
946,Kredietregistratie
947,Incasso
948,Hypotheek
949,Kredietregistratie
950,Incasso
951,Hypotheek
952,Incasso
953,Creditcard
954,Creditcard
955,Incasso
956,Incasso
957,Incasso
958,Incasso
959,Incasso
960,Incasso
961,Incasso
962,Incasso
963,Hypotheek
964,Incasso
965,Bankrekening
966,Bankrekening
967,Kredietregistratie
968,Incasso
969,Incasso
970,Kredietregistratie
971,Creditcard
972,Hypotheek
973,Hypotheek
974,Incasso
975,Incasso
976,Bankrekening
977,Hypotheek
978,Bankrekening
979,Incasso
980,Kredietregistratie
981,Incasso
982,Incasso
983,Incasso
984,Incasso
985,Incasso
986,Hypotheek
987,Bankrekening
988,Incasso
989,Incasso
990,Incasso
991,Incasso
992,Incasso
993,Hypotheek
994,Incasso
995,Kredietregistratie
996,Incasso
997,Creditcard
998,Incasso
999,Incasso
1000,Incasso
1001,Hypotheek
1002,Consumentenkrediet
1003,Kredietregistratie
1004,Hypotheek
1005,Hypotheek
1006,Kredietregistratie
1007,Hypotheek
1008,Kredietregistratie
1009,Kredietregistratie
1010,Hypotheek
1011,Kredietregistratie
1012,Bankrekening
1013,Incasso
1014,Kredietregistratie
1015,Kredietregistratie
1016,Incasso
1017,Incasso
1018,Consumentenkrediet
1019,Incasso
1020,Kredietregistratie
1021,Consumentenkrediet
1022,Incasso
1023,Incasso
1024,Hypotheek
1025,Kredietregistratie
1026,Hypotheek
1027,Creditcard
1028,Kredietregistratie
1029,Hypotheek
1030,Hypotheek
1031,Kredietregistratie
1032,Hypotheek
1033,Incasso
1034,Consumentenkrediet
1035,Hypotheek
1036,Incasso
1037,Incasso
1038,Bankrekening
1039,Creditcard
1040,Kredietregistratie
1041,Kredietregistratie
1042,Consumentenkrediet
1043,Consumentenkrediet
1044,Hypotheek
1045,Hypotheek
1046,Incasso
1047,Creditcard
1048,Incasso
1049,Consumentenkrediet
1050,Hypotheek
1051,Incasso
1052,Hypotheek
1053,Hypotheek
1054,Hypotheek
1055,Incasso
1056,Incasso
1057,Kredietregistratie
1058,Consumentenkrediet
1059,Incasso
1060,Kredietregistratie
1061,Incasso
1062,Creditcard
1063,Hypotheek
1064,Hypotheek
1065,Kredietregistratie
1066,Consumentenkrediet
1067,Creditcard
1068,Kredietregistratie
1069,Incasso
1070,Hypotheek
1071,Bankrekening
1072,Consumentenkrediet
1073,Incasso
1074,Kredietregistratie
1075,Hypotheek
1076,Incasso
1077,Kredietregistratie
1078,Bankrekening
1079,Hypotheek
1080,Bankrekening
1081,Incasso
1082,Incasso
1083,Incasso
1084,Consumentenkrediet
1085,Kredietregistratie
1086,Incasso
1087,Kredietregistratie
1088,Kredietregistratie
1089,Creditcard
1090,Kredietregistratie
1091,Hypotheek
1092,Kredietregistratie
1093,Incasso
1094,Hypotheek
1095,Creditcard
1096,Hypotheek
1097,Incasso
1098,Creditcard
1099,Hypotheek
1100,Incasso
1101,Hypotheek
1102,Hypotheek
1103,Consumentenkrediet
1104,Creditcard
1105,Kredietregistratie
1106,Incasso
1107,Consumentenkrediet
1108,Hypotheek
1109,Incasso
1110,Kredietregistratie
1111,Bankrekening
1112,Incasso
1113,Incasso
1114,Incasso
1115,Incasso
1116,Consumentenkrediet
1117,Incasso
1118,Hypotheek
1119,Bankrekening
1120,Kredietregistratie
1121,Hypotheek
1122,Hypotheek
1123,Hypotheek
1124,Bankrekening
1125,Kredietregistratie
1126,Hypotheek
1127,Bankrekening
1128,Hypotheek
1129,Consumentenkrediet
1130,Bankrekening
1131,Kredietregistratie
1132,Incasso
1133,Creditcard
1134,Kredietregistratie
1135,Bankrekening
1136,Kredietregistratie
1137,Hypotheek
1138,Kredietregistratie
1139,Incasso
1140,Hypotheek
1141,Incasso
1142,Incasso
1143,Kredietregistratie
1144,Bankrekening
1145,Incasso
1146,Consumentenkrediet
1147,Creditcard
1148,Incasso
1149,Kredietregistratie
1150,Bankrekening
1151,Incasso
1152,Hypotheek
1153,Incasso
1154,Incasso
1155,Creditcard
1156,Kredietregistratie
1157,Creditcard
1158,Hypotheek
1159,Consumentenkrediet
1160,Incasso
1161,Incasso
1162,Incasso
1163,Creditcard
1164,Bankrekening
1165,Incasso
1166,Consumentenkrediet
1167,Hypotheek
1168,Hypotheek
1169,Incasso
1170,Consumentenkrediet
1171,Incasso
1172,Kredietregistratie
1173,Kredietregistratie
1174,Incasso
1175,Incasso
1176,Creditcard
1177,Consumentenkrediet
1178,Hypotheek
1179,Incasso
1180,Consumentenkrediet
1181,Incasso
1182,Hypotheek
1183,Hypotheek
1184,Incasso
1185,Consumentenkrediet
1186,Kredietregistratie
1187,Bankrekening
1188,Kredietregistratie
1189,Bankrekening
1190,Kredietregistratie
1191,Kredietregistratie
1192,Incasso
1193,Incasso
1194,Kredietregistratie
1195,Bankrekening
1196,Creditcard
1197,Consumentenkrediet
1198,Kredietregistratie
1199,Creditcard
1200,Consumentenkrediet
1201,Kredietregistratie
1202,Incasso
1203,Incasso
1204,Incasso
1205,Hypotheek
1206,Creditcard
1207,Incasso
1208,Hypotheek
1209,Bankrekening
1210,Incasso
1211,Hypotheek
1212,Hypotheek
1213,Hypotheek
1214,Creditcard
1215,Hypotheek
1216,Hypotheek
1217,Bankrekening
1218,Incasso
1219,Hypotheek
1220,Creditcard
1221,Incasso
1222,Kredietregistratie
1223,Creditcard
1224,Incasso
1225,Incasso
1226,Consumentenkrediet
1227,Kredietregistratie
1228,Kredietregistratie
1229,Creditcard
1230,Incasso
1231,Incasso
1232,Kredietregistratie
1233,Creditcard
1234,Hypotheek
1235,Hypotheek
1236,Hypotheek
1237,Incasso
1238,Bankrekening
1239,Incasso
1240,Hypotheek
1241,Kredietregistratie
1242,Kredietregistratie
1243,Hypotheek
1244,Bankrekening
1245,Creditcard
1246,Incasso
1247,Creditcard
1248,Incasso
1249,Hypotheek
1250,Kredietregistratie
1251,Hypotheek
1252,Creditcard
1253,Hypotheek
1254,Creditcard
1255,Creditcard
1256,Incasso
1257,Kredietregistratie
1258,Incasso
1259,Incasso
1260,Consumentenkrediet
1261,Creditcard
1262,Hypotheek
1263,Hypotheek
1264,Hypotheek
1265,Hypotheek
1266,Incasso
1267,Hypotheek
1268,Hypotheek
1269,Bankrekening
1270,Incasso
1271,Kredietregistratie
1272,Hypotheek
1273,Incasso
1274,Bankrekening
1275,Bankrekening
1276,Incasso
1277,Creditcard
1278,Hypotheek
1279,Incasso
1280,Incasso
1281,Kredietregistratie
1282,Kredietregistratie
1283,Bankrekening
1284,Incasso
1285,Hypotheek
1286,Creditcard
1287,Kredietregistratie
1288,Kredietregistratie
1289,Incasso
1290,Kredietregistratie
1291,Kredietregistratie
1292,Creditcard
1293,Kredietregistratie
1294,Consumentenkrediet
1295,Kredietregistratie
1296,Hypotheek
1297,Kredietregistratie
1298,Kredietregistratie
1299,Creditcard
1300,Creditcard
1301,Creditcard
1302,Consumentenkrediet
1303,Incasso
1304,Incasso
1305,Hypotheek
1306,Incasso
1307,Incasso
1308,Creditcard
1309,Hypotheek
1310,Hypotheek
1311,Creditcard
1312,Bankrekening
1313,Incasso
1314,Incasso
1315,Kredietregistratie
1316,Consumentenkrediet
1317,Incasso
1318,Incasso
1319,Kredietregistratie
1320,Incasso
1321,Bankrekening
1322,Bankrekening
1323,Hypotheek
1324,Incasso
1325,Hypotheek
1326,Incasso
1327,Hypotheek
1328,Hypotheek
1329,Creditcard
1330,Incasso
1331,Hypotheek
1332,Hypotheek
1333,Hypotheek
1334,Kredietregistratie
1335,Hypotheek
1336,Incasso
1337,Hypotheek
1338,Consumentenkrediet
1339,Creditcard
1340,Bankrekening
1341,Hypotheek
1342,Kredietregistratie
1343,Bankrekening
1344,Bankrekening
1345,Incasso
1346,Incasso
1347,Hypotheek
1348,Hypotheek
1349,Kredietregistratie
1350,Creditcard
1351,Kredietregistratie
1352,Bankrekening
1353,Incasso
1354,Kredietregistratie
1355,Creditcard
1356,Incasso
1357,Kredietregistratie
1358,Kredietregistratie
1359,Bankrekening
1360,Consumentenkrediet
1361,Creditcard
1362,Incasso
1363,Incasso
1364,Kredietregistratie
1365,Kredietregistratie
1366,Kredietregistratie
1367,Incasso
1368,Hypotheek
1369,Incasso
1370,Kredietregistratie
1371,Hypotheek
1372,Kredietregistratie
1373,Kredietregistratie
1374,Incasso
1375,Incasso
1376,Incasso
1377,Creditcard
1378,Hypotheek
1379,Incasso
1380,Bankrekening
1381,Hypotheek
1382,Hypotheek
1383,Incasso
1384,Hypotheek
1385,Kredietregistratie
1386,Hypotheek
1387,Hypotheek
1388,Hypotheek
1389,Kredietregistratie
1390,Consumentenkrediet
1391,Kredietregistratie
1392,Incasso
1393,Kredietregistratie
1394,Bankrekening
1395,Incasso
1396,Incasso
1397,Incasso
1398,Kredietregistratie
1399,Creditcard
1400,Hypotheek
1401,Hypotheek
1402,Bankrekening
1403,Incasso
1404,Hypotheek
1405,Incasso
1406,Kredietregistratie
1407,Kredietregistratie
1408,Hypotheek
1409,Hypotheek
1410,Kredietregistratie
1411,Incasso
1412,Kredietregistratie
1413,Kredietregistratie
1414,Hypotheek
1415,Consumentenkrediet
1416,Incasso
1417,Hypotheek
1418,Bankrekening
1419,Consumentenkrediet
1420,Hypotheek
1421,Bankrekening
1422,Creditcard
1423,Consumentenkrediet
1424,Bankrekening
1425,Bankrekening
1426,Consumentenkrediet
1427,Creditcard
1428,Creditcard
1429,Creditcard
1430,Bankrekening
1431,Creditcard
1432,Hypotheek
1433,Hypotheek
1434,Creditcard
1435,Incasso
1436,Kredietregistratie
1437,Kredietregistratie
1438,Hypotheek
1439,Incasso
1440,Bankrekening
1441,Kredietregistratie
1442,Incasso
1443,Creditcard
1444,Kredietregistratie
1445,Incasso
1446,Creditcard
1447,Incasso
1448,Hypotheek
1449,Hypotheek
1450,Bankrekening
1451,Bankrekening
1452,Incasso
1453,Creditcard
1454,Hypotheek
1455,Consumentenkrediet
1456,Incasso
1457,Bankrekening
1458,Incasso
1459,Incasso
1460,Kredietregistratie
1461,Creditcard
1462,Bankrekening
1463,Creditcard
1464,Kredietregistratie
1465,Incasso
1466,Bankrekening
1467,Consumentenkrediet
1468,Incasso
1469,Hypotheek
1470,Incasso
1471,Kredietregistratie
1472,Consumentenkrediet
1473,Incasso
1474,Kredietregistratie
1475,Creditcard
1476,Creditcard
1477,Hypotheek
1478,Hypotheek
1479,Hypotheek
1480,Incasso
1481,Incasso
1482,Creditcard
1483,Creditcard
1484,Kredietregistratie
1485,Creditcard
1486,Hypotheek
1487,Kredietregistratie
1488,Bankrekening
1489,Bankrekening
1490,Hypotheek
1491,Hypotheek
1492,Creditcard
1493,Kredietregistratie
1494,Hypotheek
1495,Incasso
1496,Kredietregistratie
1497,Kredietregistratie
1498,Kredietregistratie
1499,Consumentenkrediet
1500,Consumentenkrediet
1501,Consumentenkrediet
1502,Kredietregistratie
1503,Hypotheek
1504,Creditcard
1505,Incasso
1506,Incasso
1507,Kredietregistratie
1508,Consumentenkrediet
1509,Consumentenkrediet
1510,Hypotheek
1511,Incasso
1512,Creditcard
1513,Kredietregistratie
1514,Hypotheek
1515,Creditcard
1516,Bankrekening
1517,Hypotheek
1518,Hypotheek
1519,Creditcard
1520,Kredietregistratie
1521,Hypotheek
1522,Hypotheek
1523,Kredietregistratie
1524,Incasso
1525,Creditcard
1526,Incasso
1527,Incasso
1528,Incasso
1529,Hypotheek
1530,Kredietregistratie
1531,Creditcard
1532,Hypotheek
1533,Incasso
1534,Incasso
1535,Bankrekening
1536,Hypotheek
1537,Kredietregistratie
1538,Kredietregistratie
1539,Hypotheek
1540,Kredietregistratie
1541,Hypotheek
1542,Incasso
1543,Kredietregistratie
1544,Bankrekening
1545,Kredietregistratie
1546,Hypotheek
1547,Creditcard
1548,Hypotheek
1549,Consumentenkrediet
1550,Consumentenkrediet
1551,Incasso
1552,Hypotheek
1553,Bankrekening
1554,Kredietregistratie
1555,Kredietregistratie
1556,Creditcard
1557,Hypotheek
1558,Creditcard
1559,Hypotheek
1560,Bankrekening
1561,Incasso
1562,Hypotheek
1563,Hypotheek
1564,Incasso
1565,Consumentenkrediet
1566,Kredietregistratie
1567,Hypotheek
1568,Incasso
1569,Hypotheek
1570,Kredietregistratie
1571,Kredietregistratie
1572,Incasso
1573,Bankrekening
1574,Hypotheek
1575,Kredietregistratie
1576,Kredietregistratie
1577,Hypotheek
1578,Creditcard
1579,Hypotheek
1580,Hypotheek
1581,Hypotheek
1582,Bankrekening
1583,Creditcard
1584,Kredietregistratie
1585,Creditcard
1586,Creditcard
1587,Hypotheek
1588,Bankrekening
1589,Consumentenkrediet
1590,Incasso
1591,Creditcard
1592,Incasso
1593,Incasso
1594,Bankrekening
1595,Hypotheek
1596,Incasso
1597,Hypotheek
1598,Incasso
1599,Kredietregistratie
1600,Kredietregistratie
1601,Consumentenkrediet
1602,Creditcard
1603,Bankrekening
1604,Kredietregistratie
1605,Creditcard
1606,Hypotheek
1607,Hypotheek
1608,Creditcard
1609,Hypotheek
1610,Bankrekening
1611,Creditcard
1612,Kredietregistratie
1613,Creditcard
1614,Kredietregistratie
1615,Incasso
1616,Hypotheek
1617,Hypotheek
1618,Bankrekening
1619,Kredietregistratie
1620,Consumentenkrediet
1621,Consumentenkrediet
1622,Kredietregistratie
1623,Incasso
1624,Consumentenkrediet
1625,Creditcard
1626,Creditcard
1627,Incasso
1628,Kredietregistratie
1629,Kredietregistratie
1630,Incasso
1631,Kredietregistratie
1632,Creditcard
1633,Bankrekening
1634,Hypotheek
1635,Incasso
1636,Hypotheek
1637,Incasso
1638,Kredietregistratie
1639,Consumentenkrediet
1640,Kredietregistratie
1641,Kredietregistratie
1642,Incasso
1643,Incasso
1644,Hypotheek
1645,Creditcard
1646,Creditcard
1647,Incasso
1648,Consumentenkrediet
1649,Incasso
1650,Bankrekening
1651,Bankrekening
1652,Kredietregistratie
1653,Incasso
1654,Incasso
1655,Bankrekening
1656,Creditcard
1657,Kredietregistratie
1658,Incasso
1659,Kredietregistratie
1660,Incasso
1661,Consumentenkrediet
1662,Kredietregistratie
1663,Kredietregistratie
1664,Incasso
1665,Consumentenkrediet
1666,Incasso
1667,Creditcard
1668,Hypotheek
1669,Incasso
1670,Hypotheek
1671,Bankrekening
1672,Incasso
1673,Hypotheek
1674,Creditcard
1675,Incasso
1676,Bankrekening
1677,Kredietregistratie
1678,Creditcard
1679,Kredietregistratie
1680,Bankrekening
1681,Hypotheek
1682,Kredietregistratie
1683,Hypotheek
1684,Incasso
1685,Hypotheek
1686,Creditcard
1687,Bankrekening
1688,Incasso
1689,Kredietregistratie
1690,Bankrekening
1691,Creditcard
1692,Incasso
1693,Creditcard
1694,Incasso
1695,Kredietregistratie
1696,Hypotheek
1697,Creditcard
1698,Bankrekening
1699,Creditcard
1700,Creditcard
1701,Incasso
1702,Hypotheek
1703,Incasso
1704,Creditcard
1705,Hypotheek
1706,Bankrekening
1707,Hypotheek
1708,Hypotheek
1709,Hypotheek
1710,Kredietregistratie
1711,Incasso
1712,Incasso
1713,Incasso
1714,Creditcard
1715,Creditcard
1716,Kredietregistratie
1717,Incasso
1718,Hypotheek
1719,Incasso
1720,Consumentenkrediet
1721,Kredietregistratie
1722,Creditcard
1723,Hypotheek
1724,Kredietregistratie
1725,Incasso
1726,Incasso
1727,Hypotheek
1728,Creditcard
1729,Incasso
1730,Kredietregistratie
1731,Kredietregistratie
1732,Incasso
1733,Consumentenkrediet
1734,Creditcard
1735,Creditcard
1736,Hypotheek
1737,Hypotheek
1738,Consumentenkrediet
1739,Hypotheek
1740,Incasso
1741,Incasso
1742,Incasso
1743,Creditcard
1744,Incasso
1745,Incasso
1746,Incasso
1747,Creditcard
1748,Kredietregistratie
1749,Bankrekening
1750,Bankrekening
1751,Kredietregistratie
1752,Incasso
1753,Hypotheek
1754,Incasso
1755,Incasso
1756,Incasso
1757,Hypotheek
1758,Incasso
1759,Kredietregistratie
1760,Incasso
1761,Bankrekening
1762,Kredietregistratie
1763,Kredietregistratie
1764,Incasso
1765,Incasso
1766,Creditcard
1767,Incasso
1768,Incasso
1769,Consumentenkrediet
1770,Incasso
1771,Hypotheek
1772,Consumentenkrediet
1773,Incasso
1774,Incasso
1775,Hypotheek
1776,Incasso
1777,Kredietregistratie
1778,Kredietregistratie
1779,Creditcard
1780,Incasso
1781,Incasso
1782,Consumentenkrediet
1783,Consumentenkrediet
1784,Consumentenkrediet
1785,Hypotheek
1786,Hypotheek
1787,Hypotheek
1788,Bankrekening
1789,Creditcard
1790,Incasso
1791,Kredietregistratie
1792,Incasso
1793,Kredietregistratie
1794,Consumentenkrediet
1795,Hypotheek
1796,Kredietregistratie
1797,Incasso
1798,Consumentenkrediet
1799,Creditcard
1800,Incasso
1801,Incasso
1802,Incasso
1803,Incasso
1804,Consumentenkrediet
1805,Incasso
1806,Kredietregistratie
1807,Incasso
1808,Hypotheek
1809,Incasso
1810,Incasso
1811,Bankrekening
1812,Kredietregistratie
1813,Incasso
1814,Bankrekening
1815,Creditcard
1816,Hypotheek
1817,Consumentenkrediet
1818,Hypotheek
1819,Creditcard
1820,Kredietregistratie
1821,Incasso
1822,Consumentenkrediet
1823,Hypotheek
1824,Kredietregistratie
1825,Incasso
1826,Kredietregistratie
1827,Bankrekening
1828,Bankrekening
1829,Bankrekening
1830,Hypotheek
1831,Kredietregistratie
1832,Bankrekening
1833,Incasso
1834,Kredietregistratie
1835,Kredietregistratie
1836,Hypotheek
1837,Consumentenkrediet
1838,Kredietregistratie
1839,Creditcard
1840,Bankrekening
1841,Hypotheek
1842,Consumentenkrediet
1843,Consumentenkrediet
1844,Creditcard
1845,Kredietregistratie
1846,Bankrekening
1847,Incasso
1848,Hypotheek
1849,Kredietregistratie
1850,Incasso
1851,Creditcard
1852,Incasso
1853,Kredietregistratie
1854,Hypotheek
1855,Hypotheek
1856,Hypotheek
1857,Incasso
1858,Incasso
1859,Hypotheek
1860,Incasso
1861,Incasso
1862,Bankrekening
1863,Creditcard
1864,Incasso
1865,Creditcard
1866,Kredietregistratie
1867,Incasso
1868,Kredietregistratie
1869,Creditcard
1870,Kredietregistratie
1871,Incasso
1872,Incasso
1873,Creditcard
1874,Consumentenkrediet
1875,Hypotheek
1876,Kredietregistratie
1877,Incasso
1878,Hypotheek
1879,Bankrekening
1880,Incasso
1881,Bankrekening
1882,Kredietregistratie
1883,Incasso
1884,Incasso
1885,Kredietregistratie
1886,Kredietregistratie
1887,Kredietregistratie
1888,Incasso
1889,Hypotheek
1890,Creditcard
1891,Kredietregistratie
1892,Kredietregistratie
1893,Hypotheek
1894,Incasso
1895,Hypotheek
1896,Incasso
1897,Hypotheek
1898,Incasso
1899,Creditcard
1900,Kredietregistratie
1901,Consumentenkrediet
1902,Incasso
1903,Bankrekening
1904,Incasso
1905,Creditcard
1906,Hypotheek
1907,Bankrekening
1908,Kredietregistratie
1909,Kredietregistratie
1910,Creditcard
1911,Hypotheek
1912,Incasso
1913,Incasso
1914,Kredietregistratie
1915,Bankrekening
1916,Bankrekening
1917,Hypotheek
1918,Incasso
1919,Bankrekening
1920,Kredietregistratie
1921,Hypotheek
1922,Bankrekening
1923,Kredietregistratie
1924,Hypotheek
1925,Incasso
1926,Incasso
1927,Hypotheek
1928,Incasso
1929,Hypotheek
1930,Incasso
1931,Incasso
1932,Hypotheek
1933,Incasso
1934,Kredietregistratie
1935,Incasso
1936,Creditcard
1937,Consumentenkrediet
1938,Hypotheek
1939,Incasso
1940,Kredietregistratie
1941,Hypotheek
1942,Creditcard
1943,Creditcard
1944,Incasso
1945,Hypotheek
1946,Kredietregistratie
1947,Incasso
1948,Incasso
1949,Hypotheek
1950,Bankrekening
1951,Hypotheek
1952,Incasso
1953,Incasso
1954,Kredietregistratie
1955,Incasso
1956,Kredietregistratie
1957,Hypotheek
1958,Incasso
1959,Kredietregistratie
1960,Incasso
1961,Creditcard
1962,Kredietregistratie
1963,Hypotheek
1964,Incasso
1965,Hypotheek
1966,Hypotheek
1967,Hypotheek
1968,Incasso
1969,Incasso
1970,Hypotheek
1971,Consumentenkrediet
1972,Bankrekening
1973,Creditcard
1974,Consumentenkrediet
1975,Creditcard
1976,Hypotheek
1977,Kredietregistratie
1978,Hypotheek
1979,Consumentenkrediet
1980,Kredietregistratie
1981,Hypotheek
1982,Incasso
1983,Incasso
1984,Kredietregistratie
1985,Incasso
1986,Kredietregistratie
1987,Creditcard
1988,Incasso
1989,Hypotheek
1990,Incasso
1991,Hypotheek
1992,Kredietregistratie
1993,Hypotheek
1994,Kredietregistratie
1995,Incasso
1996,Kredietregistratie
1997,Incasso
1998,Bankrekening
1999,Incasso
2000,Bankrekening
2001,Hypotheek
2002,Hypotheek
2003,Incasso
2004,Incasso
2005,Incasso
2006,Kredietregistratie
2007,Hypotheek
2008,Incasso
2009,Kredietregistratie
2010,Hypotheek
2011,Bankrekening
2012,Incasso
2013,Incasso
2014,Bankrekening
2015,Kredietregistratie
2016,Incasso
2017,Incasso
2018,Creditcard
2019,Hypotheek
2020,Incasso
2021,Incasso
2022,Incasso
2023,Incasso
2024,Kredietregistratie
2025,Hypotheek
2026,Hypotheek
2027,Incasso
2028,Incasso
2029,Creditcard
2030,Hypotheek
2031,Kredietregistratie
2032,Incasso
2033,Hypotheek
2034,Hypotheek
2035,Kredietregistratie
2036,Hypotheek
2037,Kredietregistratie
2038,Bankrekening
2039,Hypotheek
2040,Incasso
2041,Creditcard
2042,Hypotheek
2043,Incasso
2044,Kredietregistratie
2045,Creditcard
2046,Creditcard
2047,Incasso
2048,Incasso
2049,Creditcard
2050,Bankrekening
2051,Hypotheek
2052,Kredietregistratie
2053,Creditcard
2054,Consumentenkrediet
2055,Kredietregistratie
2056,Kredietregistratie
2057,Hypotheek
2058,Consumentenkrediet
2059,Incasso
2060,Bankrekening
2061,Hypotheek
2062,Hypotheek
2063,Hypotheek
2064,Incasso
2065,Kredietregistratie
2066,Hypotheek
2067,Creditcard
2068,Incasso
2069,Creditcard
2070,Incasso
2071,Consumentenkrediet
2072,Bankrekening
2073,Incasso
2074,Creditcard
2075,Kredietregistratie
2076,Hypotheek
2077,Bankrekening
2078,Incasso
2079,Incasso
2080,Hypotheek
2081,Creditcard
2082,Consumentenkrediet
2083,Consumentenkrediet
2084,Incasso
2085,Kredietregistratie
2086,Incasso
2087,Incasso
2088,Hypotheek
2089,Incasso
2090,Bankrekening
2091,Creditcard
2092,Kredietregistratie
2093,Creditcard
2094,Incasso
2095,Incasso
2096,Consumentenkrediet
2097,Bankrekening
2098,Kredietregistratie
2099,Bankrekening
2100,Bankrekening
2101,Incasso
2102,Incasso
2103,Kredietregistratie
2104,Incasso
2105,Kredietregistratie
2106,Incasso
2107,Bankrekening
2108,Creditcard
2109,Kredietregistratie
2110,Incasso
2111,Consumentenkrediet
2112,Hypotheek
2113,Kredietregistratie
2114,Creditcard
2115,Kredietregistratie
2116,Kredietregistratie
2117,Kredietregistratie
2118,Creditcard
2119,Bankrekening
2120,Hypotheek
2121,Kredietregistratie
2122,Consumentenkrediet
2123,Hypotheek
2124,Creditcard
2125,Creditcard
2126,Incasso
2127,Creditcard
2128,Bankrekening
2129,Hypotheek
2130,Hypotheek
2131,Hypotheek
2132,Creditcard
2133,Kredietregistratie
2134,Hypotheek
2135,Incasso
2136,Incasso
2137,Incasso
2138,Kredietregistratie
2139,Incasso
2140,Incasso
2141,Kredietregistratie
2142,Hypotheek
2143,Hypotheek
2144,Incasso
2145,Incasso
2146,Creditcard
2147,Consumentenkrediet
2148,Consumentenkrediet
2149,Incasso
2150,Bankrekening
2151,Kredietregistratie
2152,Incasso
2153,Creditcard
2154,Incasso
2155,Kredietregistratie
2156,Creditcard
2157,Incasso
2158,Hypotheek
2159,Incasso
2160,Creditcard
2161,Incasso
2162,Kredietregistratie
2163,Kredietregistratie
2164,Incasso
2165,Hypotheek
2166,Incasso
2167,Creditcard
2168,Hypotheek
2169,Bankrekening
2170,Kredietregistratie
2171,Hypotheek
2172,Kredietregistratie
2173,Hypotheek
2174,Incasso
2175,Hypotheek
2176,Kredietregistratie
2177,Creditcard
2178,Incasso
2179,Creditcard
2180,Hypotheek
2181,Bankrekening
2182,Bankrekening
2183,Hypotheek
2184,Incasso
2185,Creditcard
2186,Creditcard
2187,Creditcard
2188,Bankrekening
2189,Kredietregistratie
2190,Incasso
2191,Hypotheek
2192,Hypotheek
2193,Creditcard
2194,Bankrekening
2195,Creditcard
2196,Kredietregistratie
2197,Incasso
2198,Kredietregistratie
2199,Hypotheek
2200,Bankrekening
2201,Incasso
2202,Kredietregistratie
2203,Hypotheek
2204,Kredietregistratie
2205,Kredietregistratie
2206,Kredietregistratie
2207,Incasso
2208,Incasso
2209,Hypotheek
2210,Hypotheek
2211,Bankrekening
2212,Incasso
2213,Hypotheek
2214,Bankrekening
2215,Hypotheek
2216,Incasso
2217,Kredietregistratie
2218,Incasso
2219,Hypotheek
2220,Bankrekening
2221,Kredietregistratie
2222,Incasso
2223,Hypotheek
2224,Hypotheek
2225,Incasso
2226,Hypotheek
2227,Consumentenkrediet
2228,Creditcard
2229,Hypotheek
2230,Consumentenkrediet
2231,Incasso
2232,Hypotheek
2233,Incasso
2234,Kredietregistratie
2235,Creditcard
2236,Bankrekening
2237,Hypotheek
2238,Incasso
2239,Incasso
2240,Creditcard
2241,Bankrekening
2242,Creditcard
2243,Incasso
2244,Kredietregistratie
2245,Kredietregistratie
2246,Kredietregistratie
2247,Incasso
2248,Incasso
2249,Incasso
2250,Hypotheek
2251,Incasso
2252,Creditcard
2253,Creditcard
2254,Incasso
2255,Creditcard
2256,Kredietregistratie
2257,Kredietregistratie
2258,Kredietregistratie
2259,Bankrekening
2260,Creditcard
2261,Kredietregistratie
2262,Hypotheek
2263,Hypotheek
2264,Creditcard
2265,Incasso
2266,Kredietregistratie
2267,Hypotheek
2268,Incasso
2269,Hypotheek
2270,Incasso
2271,Hypotheek
2272,Kredietregistratie
2273,Incasso
2274,Creditcard
2275,Incasso
2276,Incasso
2277,Incasso
2278,Consumentenkrediet
2279,Kredietregistratie
2280,Incasso
2281,Kredietregistratie
2282,Consumentenkrediet
2283,Kredietregistratie
2284,Incasso
2285,Hypotheek
2286,Hypotheek
2287,Creditcard
2288,Hypotheek
2289,Kredietregistratie
2290,Incasso
2291,Hypotheek
2292,Consumentenkrediet
2293,Consumentenkrediet
2294,Creditcard
2295,Hypotheek
2296,Incasso
2297,Kredietregistratie
2298,Incasso
2299,Bankrekening
2300,Kredietregistratie
2301,Kredietregistratie
2302,Consumentenkrediet
2303,Incasso
2304,Incasso
2305,Hypotheek
2306,Kredietregistratie
2307,Hypotheek
2308,Incasso
2309,Bankrekening
2310,Hypotheek
2311,Kredietregistratie
2312,Incasso
2313,Creditcard
2314,Hypotheek
2315,Incasso
2316,Kredietregistratie
2317,Incasso
2318,Hypotheek
2319,Incasso
2320,Incasso
2321,Creditcard
2322,Incasso
2323,Incasso
2324,Bankrekening
2325,Hypotheek
2326,Kredietregistratie
2327,Kredietregistratie
2328,Incasso
2329,Bankrekening
2330,Incasso
2331,Creditcard
2332,Incasso
2333,Kredietregistratie
2334,Hypotheek
2335,Hypotheek
2336,Incasso
2337,Creditcard
2338,Kredietregistratie
2339,Incasso
2340,Incasso
2341,Hypotheek
2342,Incasso
2343,Bankrekening
2344,Hypotheek
2345,Hypotheek
2346,Hypotheek
2347,Hypotheek
2348,Bankrekening
2349,Incasso
2350,Creditcard
2351,Consumentenkrediet
2352,Kredietregistratie
2353,Kredietregistratie
2354,Incasso
2355,Bankrekening
2356,Kredietregistratie
2357,Kredietregistratie
2358,Incasso
2359,Incasso
2360,Hypotheek
2361,Hypotheek
2362,Bankrekening
2363,Bankrekening
2364,Incasso
2365,Bankrekening
2366,Bankrekening
2367,Hypotheek
2368,Incasso
2369,Hypotheek
2370,Hypotheek
2371,Hypotheek
2372,Kredietregistratie
2373,Hypotheek
2374,Incasso
2375,Bankrekening
2376,Consumentenkrediet
2377,Hypotheek
2378,Kredietregistratie
2379,Hypotheek
2380,Creditcard
2381,Kredietregistratie
2382,Hypotheek
2383,Incasso
2384,Incasso
2385,Creditcard
2386,Incasso
2387,Incasso
2388,Consumentenkrediet
2389,Consumentenkrediet
2390,Incasso
2391,Bankrekening
2392,Creditcard
2393,Incasso
2394,Incasso
2395,Bankrekening
2396,Incasso
2397,Kredietregistratie
2398,Bankrekening
2399,Creditcard
2400,Incasso
2401,Kredietregistratie
2402,Incasso
2403,Creditcard
2404,Kredietregistratie
2405,Kredietregistratie
2406,Kredietregistratie
2407,Incasso
2408,Hypotheek
2409,Incasso
2410,Creditcard
2411,Incasso
2412,Consumentenkrediet
2413,Creditcard
2414,Hypotheek
2415,Incasso
2416,Creditcard
2417,Hypotheek
2418,Kredietregistratie
2419,Kredietregistratie
2420,Kredietregistratie
2421,Hypotheek
2422,Bankrekening
2423,Kredietregistratie
2424,Kredietregistratie
2425,Kredietregistratie
2426,Incasso
2427,Creditcard
2428,Bankrekening
2429,Kredietregistratie
2430,Hypotheek
2431,Kredietregistratie
2432,Hypotheek
2433,Bankrekening
2434,Kredietregistratie
2435,Hypotheek
2436,Kredietregistratie
2437,Incasso
2438,Consumentenkrediet
2439,Kredietregistratie
2440,Hypotheek
2441,Consumentenkrediet
2442,Bankrekening
2443,Kredietregistratie
2444,Incasso
2445,Kredietregistratie
2446,Incasso
2447,Creditcard
2448,Hypotheek
2449,Hypotheek
2450,Kredietregistratie
2451,Bankrekening
2452,Creditcard
2453,Incasso
2454,Kredietregistratie
2455,Creditcard
2456,Kredietregistratie
2457,Bankrekening
2458,Hypotheek
2459,Creditcard
2460,Consumentenkrediet
2461,Consumentenkrediet
2462,Kredietregistratie
2463,Hypotheek
2464,Hypotheek
2465,Incasso
2466,Incasso
2467,Bankrekening
2468,Hypotheek
2469,Kredietregistratie
2470,Hypotheek
2471,Incasso
2472,Kredietregistratie
2473,Kredietregistratie
2474,Hypotheek
2475,Kredietregistratie
2476,Kredietregistratie
2477,Kredietregistratie
2478,Consumentenkrediet
2479,Hypotheek
2480,Creditcard
2481,Incasso
2482,Incasso
2483,Creditcard
2484,Kredietregistratie
2485,Hypotheek
2486,Incasso
2487,Creditcard
2488,Hypotheek
2489,Bankrekening
2490,Kredietregistratie
2491,Kredietregistratie
2492,Incasso
2493,Incasso
2494,Incasso
2495,Hypotheek
2496,Consumentenkrediet
2497,Hypotheek
2498,Hypotheek
2499,Creditcard
2500,Creditcard
2501,Kredietregistratie
2502,Hypotheek
2503,Consumentenkrediet
2504,Incasso
2505,Kredietregistratie
2506,Hypotheek
2507,Hypotheek
2508,Hypotheek
2509,Kredietregistratie
2510,Hypotheek
2511,Creditcard
2512,Kredietregistratie
2513,Hypotheek
2514,Kredietregistratie
2515,Incasso
2516,Creditcard
2517,Kredietregistratie
2518,Kredietregistratie
2519,Hypotheek
2520,Bankrekening
2521,Hypotheek
2522,Consumentenkrediet
2523,Incasso
2524,Incasso
2525,Kredietregistratie
2526,Creditcard
2527,Hypotheek
2528,Incasso
2529,Kredietregistratie
2530,Consumentenkrediet
2531,Hypotheek
2532,Hypotheek
2533,Incasso
2534,Hypotheek
2535,Hypotheek
2536,Incasso
2537,Bankrekening
2538,Bankrekening
2539,Incasso
2540,Hypotheek
2541,Consumentenkrediet
2542,Kredietregistratie
2543,Consumentenkrediet
2544,Hypotheek
2545,Hypotheek
2546,Hypotheek
2547,Creditcard
2548,Kredietregistratie
2549,Incasso
2550,Bankrekening
2551,Kredietregistratie
2552,Creditcard
2553,Creditcard
2554,Incasso
2555,Hypotheek
2556,Creditcard
2557,Hypotheek
2558,Incasso
2559,Kredietregistratie
2560,Kredietregistratie
2561,Creditcard
2562,Creditcard
2563,Consumentenkrediet
2564,Bankrekening
2565,Hypotheek
2566,Incasso
2567,Kredietregistratie
2568,Creditcard
2569,Incasso
2570,Incasso
2571,Creditcard
2572,Kredietregistratie
2573,Incasso
2574,Kredietregistratie
2575,Hypotheek
2576,Incasso
2577,Hypotheek
2578,Hypotheek
2579,Incasso
2580,Incasso
2581,Incasso
2582,Creditcard
2583,Bankrekening
2584,Hypotheek
2585,Kredietregistratie
2586,Kredietregistratie
2587,Bankrekening
2588,Incasso
2589,Incasso
2590,Incasso
2591,Hypotheek
2592,Creditcard
2593,Hypotheek
2594,Incasso
2595,Kredietregistratie
2596,Hypotheek
2597,Hypotheek
2598,Incasso
2599,Kredietregistratie
2600,Kredietregistratie
2601,Hypotheek
2602,Creditcard
2603,Consumentenkrediet
2604,Consumentenkrediet
2605,Kredietregistratie
2606,Bankrekening
2607,Creditcard
2608,Kredietregistratie
2609,Incasso
2610,Hypotheek
2611,Bankrekening
2612,Incasso
2613,Hypotheek
2614,Kredietregistratie
2615,Creditcard
2616,Kredietregistratie
2617,Incasso
2618,Kredietregistratie
2619,Kredietregistratie
2620,Incasso
2621,Incasso
2622,Consumentenkrediet
2623,Incasso
2624,Bankrekening
2625,Incasso
2626,Kredietregistratie
2627,Consumentenkrediet
2628,Kredietregistratie
2629,Hypotheek
2630,Incasso
2631,Incasso
2632,Bankrekening
2633,Hypotheek
2634,Bankrekening
2635,Hypotheek
2636,Hypotheek
2637,Incasso
2638,Incasso
2639,Hypotheek
2640,Creditcard
2641,Creditcard
2642,Creditcard
2643,Incasso
2644,Creditcard
2645,Hypotheek
2646,Bankrekening
2647,Incasso
2648,Hypotheek
2649,Creditcard
2650,Bankrekening
2651,Hypotheek
2652,Creditcard
2653,Hypotheek
2654,Incasso
2655,Kredietregistratie
2656,Kredietregistratie
2657,Creditcard
2658,Kredietregistratie
2659,Hypotheek
2660,Incasso
2661,Creditcard
2662,Hypotheek
2663,Hypotheek
2664,Incasso
2665,Bankrekening
2666,Hypotheek
2667,Incasso
2668,Incasso
2669,Kredietregistratie
2670,Incasso
2671,Creditcard
2672,Incasso
2673,Consumentenkrediet
2674,Creditcard
2675,Creditcard
2676,Incasso
2677,Creditcard
2678,Hypotheek
2679,Creditcard
2680,Incasso
2681,Hypotheek
2682,Hypotheek
2683,Hypotheek
2684,Kredietregistratie
2685,Consumentenkrediet
2686,Incasso
2687,Incasso
2688,Creditcard
2689,Hypotheek
2690,Creditcard
2691,Kredietregistratie
2692,Bankrekening
2693,Incasso
2694,Incasso
2695,Kredietregistratie
2696,Kredietregistratie
2697,Incasso
2698,Consumentenkrediet
2699,Incasso
2700,Hypotheek
2701,Kredietregistratie
2702,Kredietregistratie
2703,Bankrekening
2704,Hypotheek
2705,Kredietregistratie
2706,Creditcard
2707,Incasso
2708,Consumentenkrediet
2709,Creditcard
2710,Incasso
2711,Consumentenkrediet
2712,Hypotheek
2713,Hypotheek
2714,Incasso
2715,Hypotheek
2716,Hypotheek
2717,Kredietregistratie
2718,Kredietregistratie
2719,Kredietregistratie
2720,Kredietregistratie
2721,Consumentenkrediet
2722,Creditcard
2723,Incasso
2724,Kredietregistratie
2725,Consumentenkrediet
2726,Kredietregistratie
2727,Incasso
2728,Bankrekening
2729,Consumentenkrediet
2730,Incasso
2731,Kredietregistratie
2732,Creditcard
2733,Kredietregistratie
2734,Incasso
2735,Bankrekening
2736,Creditcard
2737,Bankrekening
2738,Consumentenkrediet
2739,Bankrekening
2740,Incasso
2741,Incasso
2742,Bankrekening
2743,Creditcard
2744,Incasso
2745,Incasso
2746,Bankrekening
2747,Hypotheek
2748,Hypotheek
2749,Incasso
2750,Bankrekening
2751,Bankrekening
2752,Consumentenkrediet
2753,Incasso
2754,Hypotheek
2755,Creditcard
2756,Incasso
2757,Kredietregistratie
2758,Bankrekening
2759,Incasso
2760,Bankrekening
2761,Hypotheek
2762,Kredietregistratie
2763,Kredietregistratie
2764,Kredietregistratie
2765,Incasso
2766,Kredietregistratie
2767,Kredietregistratie
2768,Hypotheek
2769,Bankrekening
2770,Hypotheek
2771,Consumentenkrediet
2772,Incasso
2773,Creditcard
2774,Kredietregistratie
2775,Kredietregistratie
2776,Incasso
2777,Incasso
2778,Kredietregistratie
2779,Incasso
2780,Creditcard
2781,Hypotheek
2782,Hypotheek
2783,Creditcard
2784,Consumentenkrediet
2785,Kredietregistratie
2786,Hypotheek
2787,Creditcard
2788,Bankrekening
2789,Kredietregistratie
2790,Hypotheek
2791,Creditcard
2792,Kredietregistratie
2793,Kredietregistratie
2794,Hypotheek
2795,Hypotheek
2796,Hypotheek
2797,Bankrekening
2798,Hypotheek
2799,Incasso
2800,Kredietregistratie
2801,Hypotheek
2802,Creditcard
2803,Consumentenkrediet
2804,Hypotheek
2805,Incasso
2806,Hypotheek
2807,Creditcard
2808,Consumentenkrediet
2809,Hypotheek
2810,Kredietregistratie
2811,Incasso
2812,Creditcard
2813,Incasso
2814,Hypotheek
2815,Incasso
2816,Consumentenkrediet
2817,Creditcard
2818,Hypotheek
2819,Bankrekening
2820,Creditcard
2821,Bankrekening
2822,Incasso
2823,Incasso
2824,Hypotheek
2825,Hypotheek
2826,Kredietregistratie
2827,Incasso
2828,Kredietregistratie
2829,Consumentenkrediet
2830,Bankrekening
2831,Hypotheek
2832,Incasso
2833,Hypotheek
2834,Incasso
2835,Hypotheek
2836,Bankrekening
2837,Hypotheek
2838,Kredietregistratie
2839,Creditcard
2840,Kredietregistratie
2841,Incasso
2842,Incasso
2843,Consumentenkrediet
2844,Kredietregistratie
2845,Consumentenkrediet
2846,Hypotheek
2847,Hypotheek
2848,Creditcard
2849,Kredietregistratie
2850,Kredietregistratie
2851,Bankrekening
2852,Hypotheek
2853,Incasso
2854,Bankrekening
2855,Kredietregistratie
2856,Creditcard
2857,Hypotheek
2858,Incasso
2859,Bankrekening
2860,Incasso
2861,Creditcard
2862,Hypotheek
2863,Creditcard
2864,Hypotheek
2865,Creditcard
2866,Bankrekening
2867,Incasso
2868,Incasso
2869,Creditcard
2870,Creditcard
2871,Incasso
2872,Incasso
2873,Kredietregistratie
2874,Bankrekening
2875,Kredietregistratie
2876,Creditcard
2877,Hypotheek
2878,Incasso
2879,Kredietregistratie
2880,Creditcard
2881,Incasso
2882,Consumentenkrediet
2883,Kredietregistratie
2884,Incasso
2885,Kredietregistratie
2886,Incasso
2887,Incasso
2888,Hypotheek
2889,Incasso
2890,Incasso
2891,Consumentenkrediet
2892,Creditcard
2893,Hypotheek
2894,Creditcard
2895,Bankrekening
2896,Kredietregistratie
2897,Hypotheek
2898,Bankrekening
2899,Creditcard
2900,Kredietregistratie
2901,Bankrekening
2902,Creditcard
2903,Hypotheek
2904,Incasso
2905,Hypotheek
2906,Consumentenkrediet
2907,Creditcard
2908,Kredietregistratie
2909,Kredietregistratie
2910,Bankrekening
2911,Consumentenkrediet
2912,Kredietregistratie
2913,Hypotheek
2914,Incasso
2915,Bankrekening
2916,Hypotheek
2917,Incasso
2918,Consumentenkrediet
2919,Consumentenkrediet
2920,Creditcard
2921,Incasso
2922,Hypotheek
2923,Hypotheek
2924,Incasso
2925,Incasso
2926,Incasso
2927,Hypotheek
2928,Hypotheek
2929,Hypotheek
2930,Hypotheek
2931,Incasso
2932,Kredietregistratie
2933,Hypotheek
2934,Creditcard
2935,Creditcard
2936,Creditcard
2937,Incasso
2938,Consumentenkrediet
2939,Kredietregistratie
2940,Incasso
2941,Consumentenkrediet
2942,Hypotheek
2943,Hypotheek
2944,Hypotheek
2945,Consumentenkrediet
2946,Kredietregistratie
2947,Consumentenkrediet
2948,Incasso
2949,Creditcard
2950,Bankrekening
2951,Kredietregistratie
2952,Hypotheek
2953,Hypotheek
2954,Creditcard
2955,Incasso
2956,Kredietregistratie
2957,Bankrekening
2958,Incasso
2959,Hypotheek
2960,Incasso
2961,Incasso
2962,Bankrekening
2963,Incasso
2964,Bankrekening
2965,Creditcard
2966,Hypotheek
2967,Consumentenkrediet
2968,Incasso
2969,Creditcard
2970,Kredietregistratie
2971,Kredietregistratie
2972,Incasso
2973,Kredietregistratie
2974,Creditcard
2975,Incasso
2976,Creditcard
2977,Kredietregistratie
2978,Kredietregistratie
2979,Incasso
2980,Creditcard
2981,Bankrekening
2982,Kredietregistratie
2983,Hypotheek
2984,Bankrekening
2985,Creditcard
2986,Kredietregistratie
2987,Kredietregistratie
2988,Consumentenkrediet
2989,Kredietregistratie
2990,Hypotheek
2991,Hypotheek
2992,Hypotheek
2993,Kredietregistratie
2994,Creditcard
2995,Incasso
2996,Hypotheek
2997,Kredietregistratie
2998,Bankrekening
2999,Incasso
3000,Incasso
3001,Hypotheek
3002,Consumentenkrediet
3003,Kredietregistratie
3004,Creditcard
3005,Incasso
3006,Bankrekening
3007,Incasso
3008,Hypotheek
3009,Bankrekening
3010,Incasso
3011,Hypotheek
3012,Incasso
3013,Incasso
3014,Hypotheek
3015,Bankrekening
3016,Hypotheek
3017,Consumentenkrediet
3018,Hypotheek
3019,Hypotheek
3020,Bankrekening
3021,Hypotheek
3022,Incasso
3023,Hypotheek
3024,Incasso
3025,Kredietregistratie
3026,Kredietregistratie
3027,Kredietregistratie
3028,Kredietregistratie
3029,Kredietregistratie
3030,Kredietregistratie
3031,Hypotheek
3032,Kredietregistratie
3033,Incasso
3034,Kredietregistratie
3035,Creditcard
3036,Kredietregistratie
3037,Incasso
3038,Bankrekening
3039,Bankrekening
3040,Consumentenkrediet
3041,Kredietregistratie
3042,Kredietregistratie
3043,Bankrekening
3044,Hypotheek
3045,Hypotheek
3046,Hypotheek
3047,Hypotheek
3048,Hypotheek
3049,Incasso
3050,Incasso
3051,Kredietregistratie
3052,Consumentenkrediet
3053,Incasso
3054,Kredietregistratie
3055,Hypotheek
3056,Bankrekening
3057,Kredietregistratie
3058,Consumentenkrediet
3059,Bankrekening
3060,Bankrekening
3061,Incasso
3062,Hypotheek
3063,Kredietregistratie
3064,Consumentenkrediet
3065,Incasso
3066,Incasso
3067,Hypotheek
3068,Incasso
3069,Kredietregistratie
3070,Kredietregistratie
3071,Incasso
3072,Hypotheek
3073,Kredietregistratie
3074,Hypotheek
3075,Hypotheek
3076,Consumentenkrediet
3077,Hypotheek
3078,Bankrekening
3079,Consumentenkrediet
3080,Incasso
3081,Incasso
3082,Incasso
3083,Kredietregistratie
3084,Incasso
3085,Incasso
3086,Bankrekening
3087,Hypotheek
3088,Incasso
3089,Creditcard
3090,Creditcard
3091,Kredietregistratie
3092,Bankrekening
3093,Consumentenkrediet
3094,Kredietregistratie
3095,Hypotheek
3096,Incasso
3097,Consumentenkrediet
3098,Creditcard
3099,Incasso
3100,Incasso
3101,Creditcard
3102,Hypotheek
3103,Incasso
3104,Kredietregistratie
3105,Incasso
3106,Consumentenkrediet
3107,Kredietregistratie
3108,Hypotheek
3109,Incasso
3110,Incasso
3111,Hypotheek
3112,Incasso
3113,Incasso
3114,Incasso
3115,Incasso
3116,Incasso
3117,Creditcard
3118,Bankrekening
3119,Consumentenkrediet
3120,Hypotheek
3121,Incasso
3122,Hypotheek
3123,Hypotheek
3124,Incasso
3125,Incasso
3126,Hypotheek
3127,Hypotheek
3128,Bankrekening
3129,Consumentenkrediet
3130,Hypotheek
3131,Creditcard
3132,Kredietregistratie
3133,Incasso
3134,Incasso
3135,Incasso
3136,Bankrekening
3137,Hypotheek
3138,Hypotheek
3139,Incasso
3140,Bankrekening
3141,Incasso
3142,Hypotheek
3143,Kredietregistratie
3144,Incasso
3145,Kredietregistratie
3146,Creditcard
3147,Hypotheek
3148,Hypotheek
3149,Kredietregistratie
3150,Bankrekening
3151,Incasso
3152,Consumentenkrediet
3153,Kredietregistratie
3154,Kredietregistratie
3155,Bankrekening
3156,Incasso
3157,Incasso
3158,Incasso
3159,Incasso
3160,Incasso
3161,Kredietregistratie
3162,Incasso
3163,Creditcard
3164,Incasso
3165,Incasso
3166,Creditcard
3167,Incasso
3168,Incasso
3169,Hypotheek
3170,Incasso
3171,Hypotheek
3172,Incasso
3173,Creditcard
3174,Consumentenkrediet
3175,Hypotheek
3176,Kredietregistratie
3177,Incasso
3178,Incasso
3179,Bankrekening
3180,Incasso
3181,Hypotheek
3182,Hypotheek
3183,Creditcard
3184,Creditcard
3185,Hypotheek
3186,Creditcard
3187,Kredietregistratie
3188,Incasso
3189,Bankrekening
3190,Incasso
3191,Creditcard
3192,Hypotheek
3193,Hypotheek
3194,Bankrekening
3195,Incasso
3196,Kredietregistratie
3197,Kredietregistratie
3198,Hypotheek
3199,Kredietregistratie
3200,Incasso
3201,Creditcard
3202,Hypotheek
3203,Hypotheek
3204,Incasso
3205,Kredietregistratie
3206,Kredietregistratie
3207,Bankrekening
3208,Incasso
3209,Hypotheek
3210,Kredietregistratie
3211,Bankrekening
3212,Creditcard
3213,Creditcard
3214,Hypotheek
3215,Hypotheek
3216,Hypotheek
3217,Kredietregistratie
3218,Incasso
3219,Incasso
3220,Bankrekening
3221,Incasso
3222,Incasso
3223,Kredietregistratie
3224,Kredietregistratie
3225,Incasso
3226,Consumentenkrediet
3227,Incasso
3228,Hypotheek
3229,Bankrekening
3230,Hypotheek
3231,Hypotheek
3232,Hypotheek
3233,Creditcard
3234,Incasso
3235,Bankrekening
3236,Bankrekening
3237,Bankrekening
3238,Incasso
3239,Incasso
3240,Kredietregistratie
3241,Bankrekening
3242,Incasso
3243,Kredietregistratie
3244,Hypotheek
3245,Hypotheek
3246,Incasso
3247,Incasso
3248,Creditcard
3249,Hypotheek
3250,Incasso
3251,Incasso
3252,Incasso
3253,Bankrekening
3254,Incasso
3255,Incasso
3256,Creditcard
3257,Kredietregistratie
3258,Kredietregistratie
3259,Consumentenkrediet
3260,Incasso
3261,Consumentenkrediet
3262,Incasso
3263,Creditcard
3264,Hypotheek
3265,Hypotheek
3266,Hypotheek
3267,Hypotheek
3268,Kredietregistratie
3269,Creditcard
3270,Bankrekening
3271,Incasso
3272,Kredietregistratie
3273,Kredietregistratie
3274,Creditcard
3275,Hypotheek
3276,Creditcard
3277,Hypotheek
3278,Bankrekening
3279,Hypotheek
3280,Kredietregistratie
3281,Hypotheek
3282,Kredietregistratie
3283,Incasso
3284,Incasso
3285,Incasso
3286,Hypotheek
3287,Kredietregistratie
3288,Incasso
3289,Bankrekening
3290,Incasso
3291,Incasso
3292,Kredietregistratie
3293,Consumentenkrediet
3294,Hypotheek
3295,Creditcard
3296,Incasso
3297,Incasso
3298,Incasso
3299,Incasso
3300,Kredietregistratie
3301,Kredietregistratie
3302,Bankrekening
3303,Bankrekening
3304,Kredietregistratie
3305,Hypotheek
3306,Incasso
3307,Hypotheek
3308,Hypotheek
3309,Kredietregistratie
3310,Kredietregistratie
3311,Kredietregistratie
3312,Incasso
3313,Hypotheek
3314,Creditcard
3315,Hypotheek
3316,Kredietregistratie
3317,Incasso
3318,Hypotheek
3319,Consumentenkrediet
3320,Kredietregistratie
3321,Incasso
3322,Kredietregistratie
3323,Consumentenkrediet
3324,Kredietregistratie
3325,Kredietregistratie
3326,Bankrekening
3327,Incasso
3328,Incasso
3329,Creditcard
3330,Incasso
3331,Hypotheek
3332,Incasso
3333,Incasso
3334,Bankrekening
3335,Kredietregistratie
3336,Kredietregistratie
3337,Kredietregistratie
3338,Bankrekening
3339,Bankrekening
3340,Kredietregistratie
3341,Creditcard
3342,Incasso
3343,Kredietregistratie
3344,Hypotheek
3345,Kredietregistratie
3346,Incasso
3347,Hypotheek
3348,Bankrekening
3349,Incasso
3350,Hypotheek
3351,Creditcard
3352,Hypotheek
3353,Kredietregistratie
3354,Kredietregistratie
3355,Hypotheek
3356,Bankrekening
3357,Consumentenkrediet
3358,Creditcard
3359,Incasso
3360,Hypotheek
3361,Incasso
3362,Kredietregistratie
3363,Consumentenkrediet
3364,Consumentenkrediet
3365,Kredietregistratie
3366,Kredietregistratie
3367,Hypotheek
3368,Hypotheek
3369,Incasso
3370,Hypotheek
3371,Kredietregistratie
3372,Incasso
3373,Incasso
3374,Hypotheek
3375,Bankrekening
3376,Hypotheek
3377,Creditcard
3378,Kredietregistratie
3379,Creditcard
3380,Kredietregistratie
3381,Kredietregistratie
3382,Incasso
3383,Bankrekening
3384,Incasso
3385,Creditcard
3386,Incasso
3387,Kredietregistratie
3388,Creditcard
3389,Creditcard
3390,Kredietregistratie
3391,Incasso
3392,Hypotheek
3393,Creditcard
3394,Kredietregistratie
3395,Kredietregistratie
3396,Kredietregistratie
3397,Hypotheek
3398,Incasso
3399,Hypotheek
3400,Incasso
3401,Creditcard
3402,Creditcard
3403,Creditcard
3404,Bankrekening
3405,Consumentenkrediet
3406,Bankrekening
3407,Incasso
3408,Kredietregistratie
3409,Incasso
3410,Hypotheek
3411,Creditcard
3412,Incasso
3413,Hypotheek
3414,Incasso
3415,Consumentenkrediet
3416,Consumentenkrediet
3417,Hypotheek
3418,Incasso
3419,Creditcard
3420,Incasso
3421,Hypotheek
3422,Incasso
3423,Kredietregistratie
3424,Creditcard
3425,Incasso
3426,Incasso
3427,Creditcard
3428,Incasso
3429,Kredietregistratie
3430,Kredietregistratie
3431,Kredietregistratie
3432,Kredietregistratie
3433,Hypotheek
3434,Hypotheek
3435,Creditcard
3436,Hypotheek
3437,Hypotheek
3438,Hypotheek
3439,Kredietregistratie
3440,Kredietregistratie
3441,Incasso
3442,Incasso
3443,Kredietregistratie
3444,Incasso
3445,Creditcard
3446,Hypotheek
3447,Hypotheek
3448,Kredietregistratie
3449,Kredietregistratie
3450,Hypotheek
3451,Bankrekening
3452,Incasso
3453,Kredietregistratie
3454,Incasso
3455,Hypotheek
3456,Kredietregistratie
3457,Bankrekening
3458,Bankrekening
3459,Incasso
3460,Creditcard
3461,Bankrekening
3462,Consumentenkrediet
3463,Bankrekening
3464,Creditcard
3465,Kredietregistratie
3466,Kredietregistratie
3467,Consumentenkrediet
3468,Bankrekening
3469,Incasso
3470,Hypotheek
3471,Kredietregistratie
3472,Hypotheek
3473,Kredietregistratie
3474,Incasso
3475,Kredietregistratie
3476,Hypotheek
3477,Creditcard
3478,Creditcard
3479,Hypotheek
3480,Incasso
3481,Hypotheek
3482,Creditcard
3483,Bankrekening
3484,Consumentenkrediet
3485,Hypotheek
3486,Bankrekening
3487,Incasso
3488,Kredietregistratie
3489,Kredietregistratie
3490,Incasso
3491,Creditcard
3492,Hypotheek
3493,Creditcard
3494,Kredietregistratie
3495,Kredietregistratie
3496,Incasso
3497,Incasso
3498,Incasso
3499,Kredietregistratie
3500,Incasso
3501,Incasso
3502,Hypotheek
3503,Creditcard
3504,Incasso
3505,Kredietregistratie
3506,Incasso
3507,Incasso
3508,Hypotheek
3509,Bankrekening
3510,Incasso
3511,Creditcard
3512,Hypotheek
3513,Incasso
3514,Kredietregistratie
3515,Kredietregistratie
3516,Creditcard
3517,Incasso
3518,Hypotheek
3519,Hypotheek
3520,Consumentenkrediet
3521,Incasso
3522,Hypotheek
3523,Hypotheek
3524,Incasso
3525,Kredietregistratie
3526,Incasso
3527,Kredietregistratie
3528,Incasso
3529,Bankrekening
3530,Incasso
3531,Hypotheek
3532,Incasso
3533,Incasso
3534,Incasso
3535,Consumentenkrediet
3536,Kredietregistratie
3537,Incasso
3538,Incasso
3539,Kredietregistratie
3540,Kredietregistratie
3541,Incasso
3542,Bankrekening
3543,Creditcard
3544,Consumentenkrediet
3545,Kredietregistratie
3546,Kredietregistratie
3547,Incasso
3548,Incasso
3549,Consumentenkrediet
3550,Creditcard
3551,Incasso
3552,Hypotheek
3553,Hypotheek
3554,Bankrekening
3555,Incasso
3556,Incasso
3557,Incasso
3558,Incasso
3559,Consumentenkrediet
3560,Bankrekening
3561,Kredietregistratie
3562,Incasso
3563,Kredietregistratie
3564,Creditcard
3565,Bankrekening
3566,Consumentenkrediet
3567,Kredietregistratie
3568,Creditcard
3569,Incasso
3570,Incasso
3571,Creditcard
3572,Kredietregistratie
3573,Bankrekening
3574,Hypotheek
3575,Incasso
3576,Kredietregistratie
3577,Incasso
3578,Incasso
3579,Kredietregistratie
3580,Hypotheek
3581,Incasso
3582,Incasso
3583,Creditcard
3584,Bankrekening
3585,Incasso
3586,Creditcard
3587,Incasso
3588,Kredietregistratie
3589,Kredietregistratie
3590,Kredietregistratie
3591,Creditcard
3592,Incasso
3593,Creditcard
3594,Kredietregistratie
3595,Hypotheek
3596,Hypotheek
3597,Incasso
3598,Incasso
3599,Incasso
3600,Kredietregistratie
3601,Incasso
3602,Kredietregistratie
3603,Hypotheek
3604,Incasso
3605,Incasso
3606,Incasso
3607,Bankrekening
3608,Kredietregistratie
3609,Hypotheek
3610,Hypotheek
3611,Bankrekening
3612,Consumentenkrediet
3613,Kredietregistratie
3614,Consumentenkrediet
3615,Creditcard
3616,Kredietregistratie
3617,Creditcard
3618,Creditcard
3619,Hypotheek
3620,Incasso
3621,Hypotheek
3622,Hypotheek
3623,Kredietregistratie
3624,Kredietregistratie
3625,Incasso
3626,Incasso
3627,Bankrekening
3628,Hypotheek
3629,Incasso
3630,Incasso
3631,Kredietregistratie
3632,Creditcard
3633,Kredietregistratie
3634,Incasso
3635,Consumentenkrediet
3636,Kredietregistratie
3637,Incasso
3638,Incasso
3639,Kredietregistratie
3640,Kredietregistratie
3641,Kredietregistratie
3642,Kredietregistratie
3643,Incasso
3644,Kredietregistratie
3645,Kredietregistratie
3646,Kredietregistratie
3647,Bankrekening
3648,Consumentenkrediet
3649,Incasso
3650,Bankrekening
3651,Hypotheek
3652,Incasso
3653,Kredietregistratie
3654,Incasso
3655,Incasso
3656,Creditcard
3657,Incasso
3658,Kredietregistratie
3659,Hypotheek
3660,Incasso
3661,Incasso
3662,Kredietregistratie
3663,Incasso
3664,Bankrekening
3665,Incasso
3666,Incasso
3667,Creditcard
3668,Creditcard
3669,Consumentenkrediet
3670,Kredietregistratie
3671,Kredietregistratie
3672,Incasso
3673,Kredietregistratie
3674,Kredietregistratie
3675,Bankrekening
3676,Kredietregistratie
3677,Incasso
3678,Bankrekening
3679,Hypotheek
3680,Hypotheek
3681,Hypotheek
3682,Hypotheek
3683,Incasso
3684,Kredietregistratie
3685,Incasso
3686,Incasso
3687,Bankrekening
3688,Creditcard
3689,Kredietregistratie
3690,Kredietregistratie
3691,Incasso
3692,Hypotheek
3693,Kredietregistratie
3694,Incasso
3695,Hypotheek
3696,Incasso
3697,Incasso
3698,Creditcard
3699,Incasso
3700,Hypotheek
3701,Incasso
3702,Kredietregistratie
3703,Creditcard
3704,Hypotheek
3705,Kredietregistratie
3706,Consumentenkrediet
3707,Kredietregistratie
3708,Hypotheek
3709,Consumentenkrediet
3710,Incasso
3711,Kredietregistratie
3712,Incasso
3713,Hypotheek
3714,Bankrekening
3715,Kredietregistratie
3716,Bankrekening
3717,Bankrekening
3718,Hypotheek
3719,Kredietregistratie
3720,Incasso
3721,Kredietregistratie
3722,Creditcard
3723,Kredietregistratie
3724,Kredietregistratie
3725,Incasso
3726,Incasso
3727,Creditcard
3728,Hypotheek
3729,Bankrekening
3730,Incasso
3731,Hypotheek
3732,Creditcard
3733,Incasso
3734,Creditcard
3735,Creditcard
3736,Incasso
3737,Kredietregistratie
3738,Incasso
3739,Incasso
3740,Incasso
3741,Hypotheek
3742,Hypotheek
3743,Hypotheek
3744,Consumentenkrediet
3745,Kredietregistratie
3746,Hypotheek
3747,Incasso
3748,Incasso
3749,Incasso
3750,Incasso
3751,Incasso
3752,Bankrekening
3753,Kredietregistratie
3754,Consumentenkrediet
3755,Incasso
3756,Incasso
3757,Bankrekening
3758,Incasso
3759,Incasso
3760,Hypotheek
3761,Incasso
3762,Consumentenkrediet
3763,Consumentenkrediet
3764,Hypotheek
3765,Hypotheek
3766,Consumentenkrediet
3767,Kredietregistratie
3768,Hypotheek
3769,Bankrekening
3770,Kredietregistratie
3771,Bankrekening
3772,Hypotheek
3773,Hypotheek
3774,Creditcard
3775,Hypotheek
3776,Creditcard
3777,Incasso
3778,Kredietregistratie
3779,Creditcard
3780,Hypotheek
3781,Incasso
3782,Creditcard
3783,Kredietregistratie
3784,Hypotheek
3785,Incasso
3786,Consumentenkrediet
3787,Kredietregistratie
3788,Bankrekening
3789,Incasso
3790,Kredietregistratie
3791,Creditcard
3792,Incasso
3793,Creditcard
3794,Bankrekening
3795,Incasso
3796,Hypotheek
3797,Incasso
3798,Creditcard
3799,Creditcard
3800,Hypotheek
3801,Kredietregistratie
3802,Kredietregistratie
3803,Hypotheek
3804,Creditcard
3805,Consumentenkrediet
3806,Kredietregistratie
3807,Consumentenkrediet
3808,Bankrekening
3809,Kredietregistratie
3810,Incasso
3811,Incasso
3812,Bankrekening
3813,Hypotheek
3814,Hypotheek
3815,Kredietregistratie
3816,Hypotheek
3817,Kredietregistratie
3818,Creditcard
3819,Kredietregistratie
3820,Kredietregistratie
3821,Bankrekening
3822,Bankrekening
3823,Incasso
3824,Kredietregistratie
3825,Kredietregistratie
3826,Hypotheek
3827,Incasso
3828,Incasso
3829,Incasso
3830,Bankrekening
3831,Incasso
3832,Bankrekening
3833,Consumentenkrediet
3834,Hypotheek
3835,Kredietregistratie
3836,Kredietregistratie
3837,Bankrekening
3838,Creditcard
3839,Creditcard
3840,Hypotheek
3841,Kredietregistratie
3842,Kredietregistratie
3843,Creditcard
3844,Hypotheek
3845,Hypotheek
3846,Consumentenkrediet
3847,Bankrekening
3848,Kredietregistratie
3849,Bankrekening
3850,Hypotheek
3851,Incasso
3852,Kredietregistratie
3853,Kredietregistratie
3854,Kredietregistratie
3855,Bankrekening
3856,Incasso
3857,Hypotheek
3858,Incasso
3859,Creditcard
3860,Incasso
3861,Incasso
3862,Creditcard
3863,Kredietregistratie
3864,Hypotheek
3865,Creditcard
3866,Incasso
3867,Creditcard
3868,Creditcard
3869,Bankrekening
3870,Creditcard
3871,Incasso
3872,Bankrekening
3873,Hypotheek
3874,Kredietregistratie
3875,Bankrekening
3876,Incasso
3877,Consumentenkrediet
3878,Kredietregistratie
3879,Kredietregistratie
3880,Hypotheek
3881,Hypotheek
3882,Creditcard
3883,Hypotheek
3884,Kredietregistratie
3885,Consumentenkrediet
3886,Creditcard
3887,Hypotheek
3888,Hypotheek
3889,Kredietregistratie
3890,Hypotheek
3891,Consumentenkrediet
3892,Hypotheek
3893,Incasso
3894,Creditcard
3895,Creditcard
3896,Consumentenkrediet
3897,Incasso
3898,Incasso
3899,Kredietregistratie
3900,Kredietregistratie
3901,Incasso
3902,Kredietregistratie
3903,Bankrekening
3904,Kredietregistratie
3905,Incasso
3906,Incasso
3907,Incasso
3908,Incasso
3909,Kredietregistratie
3910,Incasso
3911,Incasso
3912,Kredietregistratie
3913,Incasso
3914,Incasso
3915,Consumentenkrediet
3916,Hypotheek
3917,Kredietregistratie
3918,Incasso
3919,Creditcard
3920,Consumentenkrediet
3921,Incasso
3922,Hypotheek
3923,Hypotheek
3924,Creditcard
3925,Incasso
3926,Kredietregistratie
3927,Kredietregistratie
3928,Incasso
3929,Bankrekening
3930,Bankrekening
3931,Bankrekening
3932,Hypotheek
3933,Bankrekening
3934,Incasso
3935,Kredietregistratie
3936,Hypotheek
3937,Hypotheek
3938,Incasso
3939,Kredietregistratie
3940,Hypotheek
3941,Consumentenkrediet
3942,Creditcard
3943,Consumentenkrediet
3944,Kredietregistratie
3945,Hypotheek
3946,Bankrekening
3947,Incasso
3948,Hypotheek
3949,Kredietregistratie
3950,Hypotheek
3951,Consumentenkrediet
3952,Consumentenkrediet
3953,Incasso
3954,Hypotheek
3955,Hypotheek
3956,Kredietregistratie
3957,Incasso
3958,Consumentenkrediet
3959,Consumentenkrediet
3960,Hypotheek
3961,Hypotheek
3962,Hypotheek
3963,Kredietregistratie
3964,Incasso
3965,Incasso
3966,Hypotheek
3967,Kredietregistratie
3968,Kredietregistratie
3969,Kredietregistratie
3970,Hypotheek
3971,Hypotheek
3972,Creditcard
3973,Incasso
3974,Incasso
3975,Incasso
3976,Hypotheek
3977,Incasso
3978,Hypotheek
3979,Hypotheek
3980,Kredietregistratie
3981,Hypotheek
3982,Kredietregistratie
3983,Hypotheek
3984,Hypotheek
3985,Incasso
3986,Incasso
3987,Incasso
3988,Hypotheek
3989,Creditcard
3990,Kredietregistratie
3991,Incasso
3992,Hypotheek
3993,Bankrekening
3994,Hypotheek
3995,Hypotheek
3996,Hypotheek
3997,Hypotheek
3998,Incasso
3999,Incasso
4000,Bankrekening
4001,Incasso
4002,Incasso
4003,Creditcard
4004,Hypotheek
4005,Consumentenkrediet
4006,Kredietregistratie
4007,Hypotheek
4008,Incasso
4009,Hypotheek
4010,Hypotheek
4011,Consumentenkrediet
4012,Incasso
4013,Bankrekening
4014,Consumentenkrediet
4015,Incasso
4016,Incasso
4017,Hypotheek
4018,Incasso
4019,Creditcard
4020,Kredietregistratie
4021,Hypotheek
4022,Kredietregistratie
4023,Hypotheek
4024,Kredietregistratie
4025,Hypotheek
4026,Hypotheek
4027,Hypotheek
4028,Bankrekening
4029,Hypotheek
4030,Bankrekening
4031,Incasso
4032,Hypotheek
4033,Incasso
4034,Hypotheek
4035,Incasso
4036,Bankrekening
4037,Bankrekening
4038,Hypotheek
4039,Incasso
4040,Hypotheek
4041,Incasso
4042,Bankrekening
4043,Incasso
4044,Incasso
4045,Bankrekening
4046,Incasso
4047,Incasso
4048,Bankrekening
4049,Kredietregistratie
4050,Kredietregistratie
4051,Incasso
4052,Kredietregistratie
4053,Consumentenkrediet
4054,Kredietregistratie
4055,Hypotheek
4056,Incasso
4057,Hypotheek
4058,Consumentenkrediet
4059,Hypotheek
4060,Bankrekening
4061,Kredietregistratie
4062,Kredietregistratie
4063,Hypotheek
4064,Incasso
4065,Kredietregistratie
4066,Hypotheek
4067,Incasso
4068,Kredietregistratie
4069,Hypotheek
4070,Kredietregistratie
4071,Bankrekening
4072,Kredietregistratie
4073,Hypotheek
4074,Incasso
4075,Incasso
4076,Hypotheek
4077,Incasso
4078,Kredietregistratie
4079,Hypotheek
4080,Hypotheek
4081,Creditcard
4082,Incasso
4083,Hypotheek
4084,Incasso
4085,Incasso
4086,Kredietregistratie
4087,Creditcard
4088,Kredietregistratie
4089,Kredietregistratie
4090,Hypotheek
4091,Kredietregistratie
4092,Incasso
4093,Hypotheek
4094,Creditcard
4095,Hypotheek
4096,Incasso
4097,Kredietregistratie
4098,Hypotheek
4099,Incasso
4100,Hypotheek
4101,Kredietregistratie
4102,Consumentenkrediet
4103,Creditcard
4104,Bankrekening
4105,Incasso
4106,Kredietregistratie
4107,Hypotheek
4108,Hypotheek
4109,Kredietregistratie
4110,Kredietregistratie
4111,Kredietregistratie
4112,Kredietregistratie
4113,Creditcard
4114,Kredietregistratie
4115,Hypotheek
4116,Incasso
4117,Creditcard
4118,Kredietregistratie
4119,Incasso
4120,Hypotheek
4121,Incasso
4122,Kredietregistratie
4123,Bankrekening
4124,Incasso
4125,Hypotheek
4126,Hypotheek
4127,Creditcard
4128,Hypotheek
4129,Kredietregistratie
4130,Hypotheek
4131,Incasso
4132,Kredietregistratie
4133,Hypotheek
4134,Incasso
4135,Kredietregistratie
4136,Kredietregistratie
4137,Kredietregistratie
4138,Hypotheek
4139,Kredietregistratie
4140,Hypotheek
4141,Hypotheek
4142,Creditcard
4143,Incasso
4144,Bankrekening
4145,Kredietregistratie
4146,Hypotheek
4147,Incasso
4148,Bankrekening
4149,Hypotheek
4150,Kredietregistratie
4151,Hypotheek
4152,Incasso
4153,Hypotheek
4154,Kredietregistratie
4155,Hypotheek
4156,Incasso
4157,Consumentenkrediet
4158,Hypotheek
4159,Incasso
4160,Kredietregistratie
4161,Bankrekening
4162,Incasso
4163,Creditcard
4164,Kredietregistratie
4165,Creditcard
4166,Bankrekening
4167,Incasso
4168,Incasso
4169,Incasso
4170,Hypotheek
4171,Creditcard
4172,Bankrekening
4173,Hypotheek
4174,Incasso
4175,Incasso
4176,Hypotheek
4177,Bankrekening
4178,Hypotheek
4179,Incasso
4180,Hypotheek
4181,Bankrekening
4182,Hypotheek
4183,Incasso
4184,Creditcard
4185,Hypotheek
4186,Kredietregistratie
4187,Hypotheek
4188,Incasso
4189,Incasso
4190,Incasso
4191,Bankrekening
4192,Kredietregistratie
4193,Bankrekening
4194,Hypotheek
4195,Creditcard
4196,Hypotheek
4197,Hypotheek
4198,Incasso
4199,Hypotheek
4200,Incasso
4201,Hypotheek
4202,Kredietregistratie
4203,Bankrekening
4204,Incasso
4205,Kredietregistratie
4206,Hypotheek
4207,Kredietregistratie
4208,Incasso
4209,Kredietregistratie
4210,Incasso
4211,Consumentenkrediet
4212,Consumentenkrediet
4213,Creditcard
4214,Incasso
4215,Hypotheek
4216,Bankrekening
4217,Kredietregistratie
4218,Creditcard
4219,Hypotheek
4220,Consumentenkrediet
4221,Incasso
4222,Kredietregistratie
4223,Hypotheek
4224,Kredietregistratie
4225,Kredietregistratie
4226,Incasso
4227,Kredietregistratie
4228,Kredietregistratie
4229,Incasso
4230,Incasso
4231,Bankrekening
4232,Hypotheek
4233,Incasso
4234,Hypotheek
4235,Bankrekening
4236,Hypotheek
4237,Kredietregistratie
4238,Incasso
4239,Consumentenkrediet
4240,Consumentenkrediet
4241,Bankrekening
4242,Hypotheek
4243,Kredietregistratie
4244,Hypotheek
4245,Kredietregistratie
4246,Kredietregistratie
4247,Bankrekening
4248,Hypotheek
4249,Bankrekening
4250,Kredietregistratie
4251,Kredietregistratie
4252,Kredietregistratie
4253,Incasso
4254,Incasso
4255,Incasso
4256,Incasso
4257,Bankrekening
4258,Kredietregistratie
4259,Creditcard
4260,Hypotheek
4261,Incasso
4262,Incasso
4263,Hypotheek
4264,Kredietregistratie
4265,Incasso
4266,Hypotheek
4267,Incasso
4268,Kredietregistratie
4269,Incasso
4270,Hypotheek
4271,Incasso
4272,Hypotheek
4273,Kredietregistratie
4274,Hypotheek
4275,Kredietregistratie
4276,Bankrekening
4277,Creditcard
4278,Kredietregistratie
4279,Incasso
4280,Hypotheek
4281,Incasso
4282,Kredietregistratie
4283,Incasso
4284,Incasso
4285,Bankrekening
4286,Creditcard
4287,Kredietregistratie
4288,Hypotheek
4289,Creditcard
4290,Creditcard
4291,Kredietregistratie
4292,Incasso
4293,Hypotheek
4294,Consumentenkrediet
4295,Incasso
4296,Bankrekening
4297,Kredietregistratie
4298,Incasso
4299,Hypotheek
4300,Hypotheek
4301,Incasso
4302,Incasso
4303,Creditcard
4304,Hypotheek
4305,Bankrekening
4306,Incasso
4307,Incasso
4308,Hypotheek
4309,Hypotheek
4310,Hypotheek
4311,Bankrekening
4312,Incasso
4313,Kredietregistratie
4314,Kredietregistratie
4315,Consumentenkrediet
4316,Incasso
4317,Bankrekening
4318,Incasso
4319,Incasso
4320,Creditcard
4321,Incasso
4322,Kredietregistratie
4323,Incasso
4324,Incasso
4325,Creditcard
4326,Bankrekening
4327,Incasso
4328,Hypotheek
4329,Creditcard
4330,Incasso
4331,Hypotheek
4332,Kredietregistratie
4333,Kredietregistratie
4334,Incasso
4335,Incasso
4336,Creditcard
4337,Hypotheek
4338,Kredietregistratie
4339,Kredietregistratie
4340,Kredietregistratie
4341,Hypotheek
4342,Kredietregistratie
4343,Hypotheek
4344,Consumentenkrediet
4345,Creditcard
4346,Bankrekening
4347,Bankrekening
4348,Creditcard
4349,Incasso
4350,Hypotheek
4351,Hypotheek
4352,Hypotheek
4353,Kredietregistratie
4354,Incasso
4355,Hypotheek
4356,Kredietregistratie
4357,Creditcard
4358,Creditcard
4359,Creditcard
4360,Bankrekening
4361,Consumentenkrediet
4362,Incasso
4363,Creditcard
4364,Creditcard
4365,Kredietregistratie
4366,Incasso
4367,Incasso
4368,Kredietregistratie
4369,Creditcard
4370,Creditcard
4371,Incasso
4372,Bankrekening
4373,Creditcard
4374,Kredietregistratie
4375,Hypotheek
4376,Creditcard
4377,Kredietregistratie
4378,Creditcard
4379,Hypotheek
4380,Creditcard
4381,Bankrekening
4382,Incasso
4383,Hypotheek
4384,Bankrekening
4385,Hypotheek
4386,Creditcard
4387,Hypotheek
4388,Hypotheek
4389,Creditcard
4390,Creditcard
4391,Consumentenkrediet
4392,Creditcard
4393,Hypotheek
4394,Incasso
4395,Bankrekening
4396,Hypotheek
4397,Kredietregistratie
4398,Kredietregistratie
4399,Kredietregistratie
4400,Incasso
4401,Hypotheek
4402,Creditcard
4403,Kredietregistratie
4404,Bankrekening
4405,Hypotheek
4406,Bankrekening
4407,Kredietregistratie
4408,Kredietregistratie
4409,Incasso
4410,Kredietregistratie
4411,Hypotheek
4412,Bankrekening
4413,Creditcard
4414,Incasso
4415,Bankrekening
4416,Incasso
4417,Kredietregistratie
4418,Hypotheek
4419,Kredietregistratie
4420,Kredietregistratie
4421,Incasso
4422,Kredietregistratie
4423,Incasso
4424,Kredietregistratie
4425,Kredietregistratie
4426,Creditcard
4427,Incasso
4428,Kredietregistratie
4429,Hypotheek
4430,Consumentenkrediet
4431,Kredietregistratie
4432,Hypotheek
4433,Hypotheek
4434,Incasso
4435,Bankrekening
4436,Kredietregistratie
4437,Creditcard
4438,Kredietregistratie
4439,Incasso
4440,Incasso
4441,Kredietregistratie
4442,Hypotheek
4443,Incasso
4444,Incasso
4445,Incasso
4446,Bankrekening
4447,Incasso
4448,Creditcard
4449,Hypotheek
4450,Kredietregistratie
4451,Creditcard
4452,Kredietregistratie
4453,Incasso
4454,Kredietregistratie
4455,Incasso
4456,Creditcard
4457,Hypotheek
4458,Hypotheek
4459,Incasso
4460,Bankrekening
4461,Creditcard
4462,Hypotheek
4463,Incasso
4464,Hypotheek
4465,Incasso
4466,Kredietregistratie
